benchmark,method,replicate,wall_time,n_records,w1,ess,ess_fraction
gaussian_mean,abc_smc_baseline,0,37.5,100,0.0246924873268855,100.0,1.0
gaussian_mean,abc_smc_baseline,0,75.0,100,0.0264650540798322,100.0,1.0
gaussian_mean,abc_smc_baseline,0,112.5,100,0.0184849093012664,100.0,1.0
gaussian_mean,abc_smc_baseline,0,150.0,100,0.0171373659994908,100.0,1.0
gaussian_mean,abc_smc_baseline,0,187.5,100,0.0171373659994908,100.0,1.0
gaussian_mean,abc_smc_baseline,0,225.0,100,0.0198567359305867,100.0,1.0
gaussian_mean,abc_smc_baseline,0,262.5,100,0.0198567359305867,100.0,1.0
gaussian_mean,abc_smc_baseline,0,300.0,100,0.0276072290805515,100.0,1.0
gaussian_mean,abc_smc_baseline,1,37.5,100,0.0182805398875266,100.0,1.0
gaussian_mean,abc_smc_baseline,1,75.0,100,0.0176298902820131,100.0,1.0
gaussian_mean,abc_smc_baseline,1,112.5,100,0.0238553481858696,100.0,1.0
gaussian_mean,abc_smc_baseline,1,150.0,100,0.0192675970373937,100.0,1.0
gaussian_mean,abc_smc_baseline,1,187.5,100,0.0250527771525441,100.0,1.0
gaussian_mean,abc_smc_baseline,1,225.0,100,0.0303209750688138,100.0,1.0
gaussian_mean,abc_smc_baseline,1,262.5,100,0.0326779480370264,100.0,1.0
gaussian_mean,abc_smc_baseline,1,300.0,100,0.0315394184704804,100.0,1.0
gaussian_mean,abc_smc_baseline,2,37.5,100,0.021925166464918,100.0,1.0
gaussian_mean,abc_smc_baseline,2,75.0,100,0.0200517321362989,100.0,1.0
gaussian_mean,abc_smc_baseline,2,112.5,100,0.0310305518099502,100.0,1.0
gaussian_mean,abc_smc_baseline,2,150.0,100,0.0241529544618942,100.0,1.0
gaussian_mean,abc_smc_baseline,2,187.5,100,0.0288279339816078,100.0,1.0
gaussian_mean,abc_smc_baseline,2,225.0,100,0.0191851551783789,100.0,1.0
gaussian_mean,abc_smc_baseline,2,262.5,100,0.0156910822987513,100.0,1.0
gaussian_mean,abc_smc_baseline,2,300.0,100,0.0156910822987513,100.0,1.0
gaussian_mean,abc_smc_baseline,3,37.5,100,0.018153544191406,100.0,1.0
gaussian_mean,abc_smc_baseline,3,75.0,100,0.0258813424259727,100.0,1.0
gaussian_mean,abc_smc_baseline,3,112.5,100,0.020368460546305,100.0,1.0
gaussian_mean,abc_smc_baseline,3,150.0,100,0.018115298764724,100.0,1.0
gaussian_mean,abc_smc_baseline,3,187.5,100,0.0188367711891044,100.0,1.0
gaussian_mean,abc_smc_baseline,3,225.0,100,0.01523142724515,100.0,1.0
gaussian_mean,abc_smc_baseline,3,262.5,100,0.0181474543237682,100.0,1.0
gaussian_mean,abc_smc_baseline,3,300.0,100,0.0216768926565825,100.0,1.0
gaussian_mean,abc_smc_baseline,4,37.5,100,0.0326640415109107,100.0,1.0
gaussian_mean,abc_smc_baseline,4,75.0,100,0.0284723734087244,100.0,1.0
gaussian_mean,abc_smc_baseline,4,112.5,100,0.0289143133649019,100.0,1.0
gaussian_mean,abc_smc_baseline,4,150.0,100,0.0226414028854689,100.0,1.0
gaussian_mean,abc_smc_baseline,4,187.5,100,0.0306090237995309,100.0,1.0
gaussian_mean,abc_smc_baseline,4,225.0,100,0.0190372531521291,100.0,1.0
gaussian_mean,abc_smc_baseline,4,262.5,100,0.0192591977680749,100.0,1.0
gaussian_mean,abc_smc_baseline,4,300.0,100,0.0293865933667959,100.0,1.0
gaussian_mean,async_propulate_abc,0,37.5,97646,0.0160018651123373,245.51375944539055,0.0025143248002518
gaussian_mean,async_propulate_abc,0,75.0,223221,0.0165432285753777,268.5172295936578,0.0012029210047157
gaussian_mean,async_propulate_abc,0,112.5,380508,0.0173125150888268,217.8500778824555,0.0005725243040421
gaussian_mean,async_propulate_abc,0,150.0,559380,0.0198945067715814,245.1750383095311,0.000438297826718
gaussian_mean,async_propulate_abc,0,187.5,744182,0.0181444313574948,324.255625295536,0.000435720865723
gaussian_mean,async_propulate_abc,0,225.0,936440,0.0209948803866492,307.0436851158703,0.0003278839916234
gaussian_mean,async_propulate_abc,0,262.5,1137385,0.0261873796659212,252.5658130582975,0.0002220583294647
gaussian_mean,async_propulate_abc,0,300.0,1330205,0.0189289095739466,302.9968580856872,0.000227782077263
gaussian_mean,async_propulate_abc,1,37.5,96700,0.0112705531158192,254.36949135496565,0.0026305014617886
gaussian_mean,async_propulate_abc,1,75.0,225568,0.016045212269333,271.79417269723854,0.001204932316185
gaussian_mean,async_propulate_abc,1,112.5,379702,0.0084224025688086,281.9257433037705,0.0007424921209363
gaussian_mean,async_propulate_abc,1,150.0,558496,0.0105301774884887,256.9020466206577,0.0004599890538529
gaussian_mean,async_propulate_abc,1,187.5,746319,0.0063448320317544,273.94784305741007,0.0003670653474685
gaussian_mean,async_propulate_abc,1,225.0,937752,0.0109015220610388,230.283944860536,0.0002455701985818
gaussian_mean,async_propulate_abc,1,262.5,1105239,0.0160613381219664,261.1728578975334,0.0002363044173228
gaussian_mean,async_propulate_abc,1,300.0,1105433,0.016088363267031,261.07795047811345,0.0002361770912195
gaussian_mean,async_propulate_abc,2,37.5,101840,0.0088328081876258,314.7887308215056,0.0030910126749951
gaussian_mean,async_propulate_abc,2,75.0,228296,0.008884681129276,237.79500214756007,0.0010416082723637
gaussian_mean,async_propulate_abc,2,112.5,368483,0.0081961777704796,229.21161734489655,0.0006220412267184
gaussian_mean,async_propulate_abc,2,150.0,542991,0.0082563717438361,182.39663445509743,0.0003359109717382
gaussian_mean,async_propulate_abc,2,187.5,726096,0.0084470168696899,231.7129316292732,0.000319121619771
gaussian_mean,async_propulate_abc,2,225.0,920824,0.0071404595831324,296.8652458576433,0.0003223908649835
gaussian_mean,async_propulate_abc,2,262.5,1117340,0.0077201269678729,241.9623894397152,0.0002165521590918
gaussian_mean,async_propulate_abc,2,300.0,1307897,0.0079419727195431,286.92503098511986,0.0002193789197353
gaussian_mean,async_propulate_abc,3,37.5,112376,0.0118533367479207,270.1601447339094,0.002404073331796
gaussian_mean,async_propulate_abc,3,75.0,251395,0.0096588740601735,234.95142293660643,0.0009345906757755
gaussian_mean,async_propulate_abc,3,112.5,405363,0.0071861220250437,293.03556186432303,0.00072289666759
gaussian_mean,async_propulate_abc,3,150.0,584662,0.0103628088728899,293.6209223522205,0.0005022062702077
gaussian_mean,async_propulate_abc,3,187.5,773149,0.0090052839899764,304.37551085469704,0.0003936828617183
gaussian_mean,async_propulate_abc,3,225.0,963557,0.0072229875349358,193.90374864292417,0.0002012374448454
gaussian_mean,async_propulate_abc,3,262.5,1149812,0.0052999628695211,254.1241930411843,0.0002210136900999
gaussian_mean,async_propulate_abc,3,300.0,1343744,0.0061380045143529,295.86152646456617,0.0002201770028104
gaussian_mean,async_propulate_abc,4,37.5,100227,0.007385437472821,325.34997131378435,0.0032461309957774
gaussian_mean,async_propulate_abc,4,75.0,232005,0.0079050447965038,229.900455687146,0.0009909288838048
gaussian_mean,async_propulate_abc,4,112.5,386945,0.0044850168917098,281.63539928510767,0.0007278434901216
gaussian_mean,async_propulate_abc,4,150.0,558073,0.0078672991770331,275.02000854724776,0.0004928029281962
gaussian_mean,async_propulate_abc,4,187.5,721150,0.0129961146477408,245.4526219150801,0.0003403627843237
gaussian_mean,async_propulate_abc,4,225.0,897639,0.0146395812562675,296.1691459076821,0.0003299423776236
gaussian_mean,async_propulate_abc,4,262.5,1080018,0.018422028126014,235.5985799679,0.0002181431975836
gaussian_mean,async_propulate_abc,4,300.0,1268606,0.0193564578774372,279.5573206633344,0.0002203657563209
gandk,abc_smc_baseline,0,75.0,100,0.0222972567627488,100.0,1.0
gandk,abc_smc_baseline,0,150.0,100,0.0275591487682418,100.0,1.0
gandk,abc_smc_baseline,0,225.0,100,0.0224855582277357,100.0,1.0
gandk,abc_smc_baseline,0,300.0,100,0.0378268861357331,100.0,1.0
gandk,abc_smc_baseline,0,375.0,100,0.0352592530057045,100.0,1.0
gandk,abc_smc_baseline,0,450.0,100,0.0321483738020585,100.0,1.0
gandk,abc_smc_baseline,0,525.0,100,0.0321483738020585,100.0,1.0
gandk,abc_smc_baseline,0,600.0,100,0.0285421363955536,100.0,1.0
gandk,abc_smc_baseline,1,75.0,100,0.0526335848481076,100.0,1.0
gandk,abc_smc_baseline,1,150.0,100,0.0234013273360797,100.0,1.0
gandk,abc_smc_baseline,1,225.0,100,0.0185989387470957,100.0,1.0
gandk,abc_smc_baseline,1,300.0,100,0.0196130893268648,100.0,1.0
gandk,abc_smc_baseline,1,375.0,100,0.0283215680432122,100.0,1.0
gandk,abc_smc_baseline,1,450.0,100,0.0253226708992379,100.0,1.0
gandk,abc_smc_baseline,1,525.0,100,0.0290557532450937,100.0,1.0
gandk,abc_smc_baseline,1,600.0,100,0.0290557532450937,100.0,1.0
gandk,abc_smc_baseline,2,75.0,100,0.0307511930488024,100.0,1.0
gandk,abc_smc_baseline,2,150.0,100,0.0307511930488024,100.0,1.0
gandk,abc_smc_baseline,2,225.0,100,0.0262003234001195,100.0,1.0
gandk,abc_smc_baseline,2,300.0,100,0.01942029767486,100.0,1.0
gandk,abc_smc_baseline,2,375.0,100,0.0176977052612577,100.0,1.0
gandk,abc_smc_baseline,2,450.0,100,0.0163634822366311,100.0,1.0
gandk,abc_smc_baseline,2,525.0,100,0.0163634822366311,100.0,1.0
gandk,abc_smc_baseline,2,600.0,100,0.0161215804268643,100.0,1.0
gandk,abc_smc_baseline,3,75.0,100,0.0430128139694242,100.0,1.0
gandk,abc_smc_baseline,3,150.0,100,0.0318144115971074,100.0,1.0
gandk,abc_smc_baseline,3,225.0,100,0.0318144115971074,100.0,1.0
gandk,abc_smc_baseline,3,300.0,100,0.0318144115971074,100.0,1.0
gandk,abc_smc_baseline,3,375.0,100,0.0318144115971074,100.0,1.0
gandk,abc_smc_baseline,3,450.0,100,0.0318144115971074,100.0,1.0
gandk,abc_smc_baseline,3,525.0,100,0.0318144115971074,100.0,1.0
gandk,abc_smc_baseline,3,600.0,100,0.0318144115971074,100.0,1.0
gandk,abc_smc_baseline,4,75.0,100,0.0531476220000462,100.0,1.0
gandk,abc_smc_baseline,4,150.0,100,0.0252481159707673,100.0,1.0
gandk,abc_smc_baseline,4,225.0,100,0.0208792314126221,100.0,1.0
gandk,abc_smc_baseline,4,300.0,100,0.0208792314126221,100.0,1.0
gandk,abc_smc_baseline,4,375.0,100,0.0208792314126221,100.0,1.0
gandk,abc_smc_baseline,4,450.0,100,0.0208792314126221,100.0,1.0
gandk,abc_smc_baseline,4,525.0,100,0.0208792314126221,100.0,1.0
gandk,abc_smc_baseline,4,600.0,100,0.0208792314126221,100.0,1.0
gandk,async_propulate_abc,0,75.0,118452,0.0897265333229433,1183.7670936164077,0.0099936437849627
gandk,async_propulate_abc,0,150.0,282607,0.3065674793207541,7.479510767930472,2.6466119975550755e-05
gandk,async_propulate_abc,0,225.0,483954,0.3039916669743617,16.462402051569224,3.401646034864724e-05
gandk,async_propulate_abc,0,300.0,722091,0.0954044573839275,165.42670698504122,0.0002290939881331
gandk,async_propulate_abc,0,375.0,981621,0.0897892025400321,186.02013836804684,0.0001895030142672
gandk,async_propulate_abc,0,450.0,1250602,0.0980872046282363,126.86563651037432,0.0001014436539445
gandk,async_propulate_abc,0,525.0,1512501,0.0824541658043577,227.03802326707796,0.0001501076847334
gandk,async_propulate_abc,0,600.0,1779623,0.0785816592605199,290.31288484694886,0.0001631316772411
gandk,async_propulate_abc,1,75.0,130676,0.3900428963893884,77.24347907945351,0.0005911068526696
gandk,async_propulate_abc,1,150.0,282397,0.2961543307379521,47.64782530039863,0.000168726386259
gandk,async_propulate_abc,1,225.0,481535,0.0358397109041496,842.8972350666357,0.0017504381510516
gandk,async_propulate_abc,1,300.0,702311,0.0352729805814827,1318.833021778911,0.0018778475942693
gandk,async_propulate_abc,1,375.0,967134,0.0348151294352536,1739.374849548669,0.0017984838187352
gandk,async_propulate_abc,1,450.0,1218425,0.0347390850204938,2062.15211035629,0.0016924735706804
gandk,async_propulate_abc,1,525.0,1449846,0.035289042027227,2570.756444479842,0.0017731237969272
gandk,async_propulate_abc,1,600.0,1712708,0.0362883471014381,2986.733005384375,0.0017438658576852
gandk,async_propulate_abc,2,75.0,119410,0.0381628549074805,615.117402856425,0.0051513056097179
gandk,async_propulate_abc,2,150.0,258588,0.0388467777083053,1541.3282272369568,0.0059605558929144
gandk,async_propulate_abc,2,225.0,467055,0.0736195738122561,628.299390788928,0.0013452364085363
gandk,async_propulate_abc,2,300.0,694375,0.0813064071024852,288.6495438447332,0.0004156969128276
gandk,async_propulate_abc,2,375.0,957895,0.0768024415094571,436.1142465783239,0.0004552839784927
gandk,async_propulate_abc,2,450.0,1223226,0.0725187940585701,457.3167686471346,0.0003738612232303
gandk,async_propulate_abc,2,525.0,1475356,0.0744084899364188,423.2243738341618,0.0002868625428941
gandk,async_propulate_abc,2,600.0,1745586,0.0685452380061874,492.0099233309517,0.0002818594577012
gandk,async_propulate_abc,3,75.0,126149,0.091917422131114,1251.14280274121,0.0099179763830169
gandk,async_propulate_abc,3,150.0,301823,0.3387194390372721,32.212594675935335,0.0001067267725651
gandk,async_propulate_abc,3,225.0,503737,0.0370062151204084,481.6272491438961,0.0009561085430371
gandk,async_propulate_abc,3,300.0,752066,0.0362471094220032,571.0690845411702,0.0007593337347269
gandk,async_propulate_abc,3,375.0,1011026,0.0352624765870466,730.2360855018269,0.0007222723110007
gandk,async_propulate_abc,3,450.0,1277669,0.0387406957637749,537.8675968718112,0.0004209756962654
gandk,async_propulate_abc,3,525.0,1545376,0.0368535671199513,573.2467413754248,0.0003709432147098
gandk,async_propulate_abc,3,600.0,1813349,0.036475703648874,632.9299412316461,0.0003490392314064
gandk,async_propulate_abc,4,75.0,119245,0.1146464587570685,1371.310235286241,0.011499939077414
gandk,async_propulate_abc,4,150.0,246090,0.0307901728551558,737.248621329616,0.0029958495726344
gandk,async_propulate_abc,4,225.0,448003,0.0418952280273307,653.8274022481866,0.0014594263927879
gandk,async_propulate_abc,4,300.0,684470,0.0539147259760865,597.1915109742658,0.0008724874880919
gandk,async_propulate_abc,4,375.0,947245,0.0465012324342534,958.1801161498324,0.0010115441265457
gandk,async_propulate_abc,4,450.0,1208941,0.0615663985305929,179.07335975879667,0.000148124151434
gandk,async_propulate_abc,4,525.0,1448477,0.0615927021637782,193.00791715389528,0.0001332488656388
gandk,async_propulate_abc,4,600.0,1725897,0.0731033549592833,43.64518493549319,2.5288406512957145e-05
gaussian_mean,rejection_abc,0,37.5,100,0.02036599765971354,100.0,1.0
gaussian_mean,rejection_abc,0,75.0,100,0.02036599765971354,100.0,1.0
gaussian_mean,rejection_abc,0,112.5,100,0.02036599765971354,100.0,1.0
gaussian_mean,rejection_abc,0,150.0,100,0.02036599765971354,100.0,1.0
gaussian_mean,rejection_abc,0,187.5,100,0.02036599765971354,100.0,1.0
gaussian_mean,rejection_abc,0,225.0,100,0.02036599765971354,100.0,1.0
gaussian_mean,rejection_abc,0,262.5,100,0.02036599765971354,100.0,1.0
gaussian_mean,rejection_abc,0,300.0,100,0.02036599765971354,100.0,1.0
gaussian_mean,rejection_abc,1,37.5,100,0.011423415009750916,100.0,1.0
gaussian_mean,rejection_abc,1,75.0,100,0.011423415009750916,100.0,1.0
gaussian_mean,rejection_abc,1,112.5,100,0.011423415009750916,100.0,1.0
gaussian_mean,rejection_abc,1,150.0,100,0.011423415009750916,100.0,1.0
gaussian_mean,rejection_abc,1,187.5,100,0.011423415009750916,100.0,1.0
gaussian_mean,rejection_abc,1,225.0,100,0.011423415009750916,100.0,1.0
gaussian_mean,rejection_abc,1,262.5,100,0.011423415009750916,100.0,1.0
gaussian_mean,rejection_abc,1,300.0,100,0.011423415009750916,100.0,1.0
gaussian_mean,rejection_abc,2,37.5,100,0.0102512511693183,100.0,1.0
gaussian_mean,rejection_abc,2,75.0,100,0.0102512511693183,100.0,1.0
gaussian_mean,rejection_abc,2,112.5,100,0.0102512511693183,100.0,1.0
gaussian_mean,rejection_abc,2,150.0,100,0.0102512511693183,100.0,1.0
gaussian_mean,rejection_abc,2,187.5,100,0.0102512511693183,100.0,1.0
gaussian_mean,rejection_abc,2,225.0,100,0.0102512511693183,100.0,1.0
gaussian_mean,rejection_abc,2,262.5,100,0.0102512511693183,100.0,1.0
gaussian_mean,rejection_abc,2,300.0,100,0.0102512511693183,100.0,1.0
gaussian_mean,rejection_abc,3,37.5,100,0.006186527468647657,100.0,1.0
gaussian_mean,rejection_abc,3,75.0,100,0.006186527468647657,100.0,1.0
gaussian_mean,rejection_abc,3,112.5,100,0.006186527468647657,100.0,1.0
gaussian_mean,rejection_abc,3,150.0,100,0.006186527468647657,100.0,1.0
gaussian_mean,rejection_abc,3,187.5,100,0.006186527468647657,100.0,1.0
gaussian_mean,rejection_abc,3,225.0,100,0.006186527468647657,100.0,1.0
gaussian_mean,rejection_abc,3,262.5,100,0.006186527468647657,100.0,1.0
gaussian_mean,rejection_abc,3,300.0,100,0.006186527468647657,100.0,1.0
gaussian_mean,rejection_abc,4,37.5,100,0.011150965620102857,100.0,1.0
gaussian_mean,rejection_abc,4,75.0,100,0.011150965620102857,100.0,1.0
gaussian_mean,rejection_abc,4,112.5,100,0.011150965620102857,100.0,1.0
gaussian_mean,rejection_abc,4,150.0,100,0.011150965620102857,100.0,1.0
gaussian_mean,rejection_abc,4,187.5,100,0.011150965620102857,100.0,1.0
gaussian_mean,rejection_abc,4,225.0,100,0.011150965620102857,100.0,1.0
gaussian_mean,rejection_abc,4,262.5,100,0.011150965620102857,100.0,1.0
gaussian_mean,rejection_abc,4,300.0,100,0.011150965620102857,100.0,1.0
gandk,rejection_abc,0,75.0,100,0.485471671119099,100.0,1.0
gandk,rejection_abc,0,150.0,100,0.485471671119099,100.0,1.0
gandk,rejection_abc,0,225.0,100,0.485471671119099,100.0,1.0
gandk,rejection_abc,0,300.0,100,0.485471671119099,100.0,1.0
gandk,rejection_abc,0,375.0,100,0.485471671119099,100.0,1.0
gandk,rejection_abc,0,450.0,100,0.485471671119099,100.0,1.0
gandk,rejection_abc,0,525.0,100,0.485471671119099,100.0,1.0
gandk,rejection_abc,0,600.0,100,0.485471671119099,100.0,1.0
gandk,rejection_abc,1,75.0,100,0.4130258969830027,100.0,1.0
gandk,rejection_abc,1,150.0,100,0.4130258969830027,100.0,1.0
gandk,rejection_abc,1,225.0,100,0.4130258969830027,100.0,1.0
gandk,rejection_abc,1,300.0,100,0.4130258969830027,100.0,1.0
gandk,rejection_abc,1,375.0,100,0.4130258969830027,100.0,1.0
gandk,rejection_abc,1,450.0,100,0.4130258969830027,100.0,1.0
gandk,rejection_abc,1,525.0,100,0.4130258969830027,100.0,1.0
gandk,rejection_abc,1,600.0,100,0.4130258969830027,100.0,1.0
gandk,rejection_abc,2,75.0,100,0.4535437416929583,100.0,1.0
gandk,rejection_abc,2,150.0,100,0.4535437416929583,100.0,1.0
gandk,rejection_abc,2,225.0,100,0.4535437416929583,100.0,1.0
gandk,rejection_abc,2,300.0,100,0.4535437416929583,100.0,1.0
gandk,rejection_abc,2,375.0,100,0.4535437416929583,100.0,1.0
gandk,rejection_abc,2,450.0,100,0.4535437416929583,100.0,1.0
gandk,rejection_abc,2,525.0,100,0.4535437416929583,100.0,1.0
gandk,rejection_abc,2,600.0,100,0.4535437416929583,100.0,1.0
gandk,rejection_abc,3,75.0,100,0.5274800585647199,100.0,1.0
gandk,rejection_abc,3,150.0,100,0.5274800585647199,100.0,1.0
gandk,rejection_abc,3,225.0,100,0.5274800585647199,100.0,1.0
gandk,rejection_abc,3,300.0,100,0.5274800585647199,100.0,1.0
gandk,rejection_abc,3,375.0,100,0.5274800585647199,100.0,1.0
gandk,rejection_abc,3,450.0,100,0.5274800585647199,100.0,1.0
gandk,rejection_abc,3,525.0,100,0.5274800585647199,100.0,1.0
gandk,rejection_abc,3,600.0,100,0.5274800585647199,100.0,1.0
gandk,rejection_abc,4,75.0,100,0.47013534460227113,100.0,1.0
gandk,rejection_abc,4,150.0,100,0.47013534460227113,100.0,1.0
gandk,rejection_abc,4,225.0,100,0.47013534460227113,100.0,1.0
gandk,rejection_abc,4,300.0,100,0.47013534460227113,100.0,1.0
gandk,rejection_abc,4,375.0,100,0.47013534460227113,100.0,1.0
gandk,rejection_abc,4,450.0,100,0.47013534460227113,100.0,1.0
gandk,rejection_abc,4,525.0,100,0.47013534460227113,100.0,1.0
gandk,rejection_abc,4,600.0,100,0.47013534460227113,100.0,1.0
