d,k,S,level,cov,n_params,n_trials
1,400,0,0.5,0.428,1,1000
1,400,0,0.8,0.71,1,1000
1,400,0,0.9,0.824,1,1000
1,400,0,0.95,0.894,1,1000
2,400,50,0.5,0.5415000000000001,2,1000
2,400,50,0.8,0.8374999999999999,2,1000
2,400,50,0.9,0.923,2,1000
2,400,50,0.95,0.965,2,1000
16,50,50,0.5,0.47731250000000003,16,1000
16,50,50,0.8,0.7551874999999999,16,1000
16,50,50,0.9,0.8565,16,1000
16,50,50,0.95,0.9110625000000001,16,1000
4,800,50,0.5,0.6094999999999999,4,1000
4,800,50,0.8,0.8645,4,1000
4,800,50,0.9,0.9355,4,1000
4,800,50,0.95,0.968,4,1000
2,50,5,0.5,0.4915,2,1000
2,50,5,0.8,0.788,2,1000
2,50,5,0.9,0.8855,2,1000
2,50,5,0.95,0.928,2,1000
1,400,20,0.5,0.505,1,1000
1,400,20,0.8,0.81,1,1000
1,400,20,0.9,0.903,1,1000
1,400,20,0.95,0.955,1,1000
2,800,0,0.5,0.8534999999999999,2,1000
2,800,0,0.8,0.9924999999999999,2,1000
2,800,0,0.9,0.9964999999999999,2,1000
2,800,0,0.95,0.9975,2,1000
16,50,20,0.5,0.4586875,16,1000
16,50,20,0.8,0.743375,16,1000
16,50,20,0.9,0.8491875,16,1000
16,50,20,0.95,0.9093125,16,1000
4,400,5,0.5,0.735,4,1000
4,400,5,0.8,0.95475,4,1000
4,400,5,0.9,0.9884999999999999,4,1000
4,400,5,0.95,0.9965,4,1000
2,200,5,0.5,0.5145,2,1000
2,200,5,0.8,0.821,2,1000
2,200,5,0.9,0.9105000000000001,2,1000
2,200,5,0.95,0.95,2,1000
4,50,20,0.5,0.5317500000000001,4,1000
4,50,20,0.8,0.8355,4,1000
4,50,20,0.9,0.9220000000000002,4,1000
4,50,20,0.95,0.9615,4,1000
4,800,0,0.5,0.94625,4,1000
4,800,0,0.8,0.9817499999999999,4,1000
4,800,0,0.9,0.993,4,1000
4,800,0,0.95,0.9969999999999999,4,1000
1,200,5,0.5,0.512,1,1000
1,200,5,0.8,0.799,1,1000
1,200,5,0.9,0.897,1,1000
1,200,5,0.95,0.949,1,1000
4,200,50,0.5,0.642,4,1000
4,200,50,0.8,0.91525,4,1000
4,200,50,0.9,0.97025,4,1000
4,200,50,0.95,0.98975,4,1000
1,100,0,0.5,0.415,1,1000
1,100,0,0.8,0.689,1,1000
1,100,0,0.9,0.814,1,1000
1,100,0,0.95,0.879,1,1000
16,800,5,0.5,0.6039375,16,1000
16,800,5,0.8,0.8635625,16,1000
16,800,5,0.9,0.934625,16,1000
16,800,5,0.95,0.9675624999999999,16,1000
16,100,0,0.5,0.5088125000000001,16,1000
16,100,0,0.8,0.7836875,16,1000
16,100,0,0.9,0.88225,16,1000
16,100,0,0.95,0.933875,16,1000
8,400,20,0.5,0.9501249999999999,8,1000
8,400,20,0.8,0.9866249999999999,8,1000
8,400,20,0.9,0.994375,8,1000
8,400,20,0.95,0.997125,8,1000
1,400,50,0.5,0.514,1,1000
1,400,50,0.8,0.811,1,1000
1,400,50,0.9,0.902,1,1000
1,400,50,0.95,0.945,1,1000
4,800,5,0.5,0.69625,4,1000
4,800,5,0.8,0.89825,4,1000
4,800,5,0.9,0.9472499999999999,4,1000
4,800,5,0.95,0.97425,4,1000
16,800,20,0.5,0.6045625,16,1000
16,800,20,0.8,0.8620625,16,1000
16,800,20,0.9,0.9348125,16,1000
16,800,20,0.95,0.968375,16,1000
16,400,5,0.5,0.5963125,16,1000
16,400,5,0.8,0.8585,16,1000
16,400,5,0.9,0.933125,16,1000
16,400,5,0.95,0.966875,16,1000
8,800,50,0.5,0.606375,8,1000
8,800,50,0.8,0.863875,8,1000
8,800,50,0.9,0.9361250000000001,8,1000
8,800,50,0.95,0.967375,8,1000
16,200,20,0.5,0.5912499999999999,16,1000
16,200,20,0.8,0.85775,16,1000
16,200,20,0.9,0.9319999999999999,16,1000
16,200,20,0.95,0.965,16,1000
8,200,20,0.5,0.8891249999999999,8,1000
8,200,20,0.8,0.9884999999999999,8,1000
8,200,20,0.9,0.99575,8,1000
8,200,20,0.95,0.997375,8,1000
2,800,50,0.5,0.6134999999999999,2,1000
2,800,50,0.8,0.8745,2,1000
2,800,50,0.9,0.9415,2,1000
2,800,50,0.95,0.972,2,1000
16,100,50,0.5,0.5763125,16,1000
16,100,50,0.8,0.83775,16,1000
16,100,50,0.9,0.9175625000000001,16,1000
16,100,50,0.95,0.956125,16,1000
1,50,0,0.5,0.407,1,1000
1,50,0,0.8,0.692,1,1000
1,50,0,0.9,0.799,1,1000
1,50,0,0.95,0.867,1,1000
4,50,0,0.5,0.51325,4,1000
4,50,0,0.8,0.8054999999999999,4,1000
4,50,0,0.9,0.8925,4,1000
4,50,0,0.95,0.9387500000000001,4,1000
8,400,5,0.5,0.9495,8,1000
8,400,5,0.8,0.989125,8,1000
8,400,5,0.9,0.99525,8,1000
8,400,5,0.95,0.9977499999999999,8,1000
1,50,20,0.5,0.5,1,1000
1,50,20,0.8,0.788,1,1000
1,50,20,0.9,0.883,1,1000
1,50,20,0.95,0.924,1,1000
2,800,5,0.5,0.771,2,1000
2,800,5,0.8,0.92,2,1000
2,800,5,0.9,0.96,2,1000
2,800,5,0.95,0.9815,2,1000
8,400,50,0.5,0.9484999999999999,8,1000
8,400,50,0.8,0.987375,8,1000
8,400,50,0.9,0.99425,8,1000
8,400,50,0.95,0.997125,8,1000
4,400,20,0.5,0.7325,4,1000
4,400,20,0.8,0.9622499999999999,4,1000
4,400,20,0.9,0.98825,4,1000
4,400,20,0.95,0.9970000000000001,4,1000
8,100,50,0.5,0.675625,8,1000
8,100,50,0.8,0.886625,8,1000
8,100,50,0.9,0.931,8,1000
8,100,50,0.95,0.9522499999999999,8,1000
4,400,0,0.5,0.6825000000000001,4,1000
4,400,0,0.8,0.9345,4,1000
4,400,0,0.9,0.97975,4,1000
4,400,0,0.95,0.99225,4,1000
8,400,0,0.5,0.94,8,1000
8,400,0,0.8,0.985625,8,1000
8,400,0,0.9,0.9935,8,1000
8,400,0,0.95,0.997125,8,1000
4,200,5,0.5,0.6385000000000001,4,1000
4,200,5,0.8,0.9152499999999999,4,1000
4,200,5,0.9,0.97075,4,1000
4,200,5,0.95,0.988,4,1000
8,100,20,0.5,0.6383749999999999,8,1000
8,100,20,0.8,0.865,8,1000
8,100,20,0.9,0.921625,8,1000
8,100,20,0.95,0.9465,8,1000
2,50,20,0.5,0.482,2,1000
2,50,20,0.8,0.7855000000000001,2,1000
2,50,20,0.9,0.881,2,1000
2,50,20,0.95,0.922,2,1000
16,50,5,0.5,0.42374999999999996,16,1000
16,50,5,0.8,0.7096875,16,1000
16,50,5,0.9,0.826,16,1000
16,50,5,0.95,0.8940625,16,1000
2,100,50,0.5,0.5,2,1000
2,100,50,0.8,0.799,2,1000
2,100,50,0.9,0.894,2,1000
2,100,50,0.95,0.9444999999999999,2,1000
2,100,0,0.5,0.405,2,1000
2,100,0,0.8,0.6945,2,1000
2,100,0,0.9,0.8180000000000001,2,1000
2,100,0,0.95,0.8815,2,1000
2,200,50,0.5,0.514,2,1000
2,200,50,0.8,0.8109999999999999,2,1000
2,200,50,0.9,0.9025000000000001,2,1000
2,200,50,0.95,0.9515,2,1000
1,400,5,0.5,0.506,1,1000
1,400,5,0.8,0.821,1,1000
1,400,5,0.9,0.909,1,1000
1,400,5,0.95,0.956,1,1000
16,400,20,0.5,0.601375,16,1000
16,400,20,0.8,0.860625,16,1000
16,400,20,0.9,0.9341250000000001,16,1000
16,400,20,0.95,0.9669375,16,1000
16,800,50,0.5,0.6045,16,1000
16,800,50,0.8,0.86375,16,1000
16,800,50,0.9,0.935375,16,1000
16,800,50,0.95,0.9683124999999999,16,1000
8,200,5,0.5,0.879,8,1000
8,200,5,0.8,0.98425,8,1000
8,200,5,0.9,0.9935,8,1000
8,200,5,0.95,0.9968750000000001,8,1000
4,100,20,0.5,0.59475,4,1000
4,100,20,0.8,0.879,4,1000
4,100,20,0.9,0.95475,4,1000
4,100,20,0.95,0.978,4,1000
4,50,5,0.5,0.49624999999999997,4,1000
4,50,5,0.8,0.79525,4,1000
4,50,5,0.9,0.89375,4,1000
4,50,5,0.95,0.94175,4,1000
2,400,5,0.5,0.5385,2,1000
2,400,5,0.8,0.8374999999999999,2,1000
2,400,5,0.9,0.9215,2,1000
2,400,5,0.95,0.96,2,1000
2,200,20,0.5,0.5095000000000001,2,1000
2,200,20,0.8,0.8165,2,1000
2,200,20,0.9,0.9065000000000001,2,1000
2,200,20,0.95,0.952,2,1000
16,800,0,0.5,0.60175,16,1000
16,800,0,0.8,0.8608125,16,1000
16,800,0,0.9,0.934625,16,1000
16,800,0,0.95,0.9673749999999999,16,1000
4,800,20,0.5,0.61975,4,1000
4,800,20,0.8,0.872,4,1000
4,800,20,0.9,0.9385,4,1000
4,800,20,0.95,0.97125,4,1000
16,200,0,0.5,0.57925,16,1000
16,200,0,0.8,0.8431249999999999,16,1000
16,200,0,0.9,0.9229375000000001,16,1000
16,200,0,0.95,0.9598125,16,1000
8,100,5,0.5,0.5342500000000001,8,1000
8,100,5,0.8,0.80975,8,1000
8,100,5,0.9,0.8947499999999999,8,1000
8,100,5,0.95,0.934875,8,1000
1,100,20,0.5,0.508,1,1000
1,100,20,0.8,0.795,1,1000
1,100,20,0.9,0.895,1,1000
1,100,20,0.95,0.942,1,1000
16,50,0,0.5,0.378125,16,1000
16,50,0,0.8,0.6661875,16,1000
16,50,0,0.9,0.786375,16,1000
16,50,0,0.95,0.8655624999999999,16,1000
4,100,0,0.5,0.55175,4,1000
4,100,0,0.8,0.852,4,1000
4,100,0,0.9,0.9355,4,1000
4,100,0,0.95,0.9664999999999999,4,1000
1,200,0,0.5,0.421,1,1000
1,200,0,0.8,0.701,1,1000
1,200,0,0.9,0.828,1,1000
1,200,0,0.95,0.893,1,1000
2,800,20,0.5,0.637,2,1000
2,800,20,0.8,0.8825000000000001,2,1000
2,800,20,0.9,0.9430000000000001,2,1000
2,800,20,0.95,0.9735,2,1000
1,100,5,0.5,0.501,1,1000
1,100,5,0.8,0.8,1,1000
1,100,5,0.9,0.903,1,1000
1,100,5,0.95,0.943,1,1000
2,50,50,0.5,0.482,2,1000
2,50,50,0.8,0.7835000000000001,2,1000
2,50,50,0.9,0.8815,2,1000
2,50,50,0.95,0.927,2,1000
4,200,20,0.5,0.64525,4,1000
4,200,20,0.8,0.917,4,1000
4,200,20,0.9,0.973,4,1000
4,200,20,0.95,0.9905,4,1000
8,50,5,0.5,0.24475000000000002,8,1000
8,50,5,0.8,0.45275,8,1000
8,50,5,0.9,0.560625,8,1000
8,50,5,0.95,0.644625,8,1000
16,400,50,0.5,0.6000624999999999,16,1000
16,400,50,0.8,0.85975,16,1000
16,400,50,0.9,0.9349375,16,1000
16,400,50,0.95,0.9672499999999999,16,1000
16,200,50,0.5,0.594375,16,1000
16,200,50,0.8,0.8563125,16,1000
16,200,50,0.9,0.9311875000000001,16,1000
16,200,50,0.95,0.9651875,16,1000
8,800,0,0.5,0.8981250000000001,8,1000
8,800,0,0.8,0.96475,8,1000
8,800,0,0.9,0.9828749999999999,8,1000
8,800,0,0.95,0.9918750000000001,8,1000
1,200,50,0.5,0.507,1,1000
1,200,50,0.8,0.811,1,1000
1,200,50,0.9,0.892,1,1000
1,200,50,0.95,0.946,1,1000
16,200,5,0.5,0.58725,16,1000
16,200,5,0.8,0.8475,16,1000
16,200,5,0.9,0.9289375,16,1000
16,200,5,0.95,0.9643124999999999,16,1000
2,200,0,0.5,0.4165,2,1000
2,200,0,0.8,0.711,2,1000
2,200,0,0.9,0.823,2,1000
2,200,0,0.95,0.896,2,1000
1,800,20,0.5,0.641,1,1000
1,800,20,0.8,0.882,1,1000
1,800,20,0.9,0.942,1,1000
1,800,20,0.95,0.98,1,1000
2,400,0,0.5,0.4455,2,1000
2,400,0,0.8,0.737,2,1000
2,400,0,0.9,0.8505,2,1000
2,400,0,0.95,0.9115,2,1000
8,200,50,0.5,0.8905000000000001,8,1000
8,200,50,0.8,0.9884999999999999,8,1000
8,200,50,0.9,0.9961249999999999,8,1000
8,200,50,0.95,0.998375,8,1000
1,800,50,0.5,0.622,1,1000
1,800,50,0.8,0.871,1,1000
1,800,50,0.9,0.934,1,1000
1,800,50,0.95,0.974,1,1000
4,100,50,0.5,0.5905,4,1000
4,100,50,0.8,0.8842500000000001,4,1000
4,100,50,0.9,0.952,4,1000
4,100,50,0.95,0.9795,4,1000
4,200,0,0.5,0.6005,4,1000
4,200,0,0.8,0.8887499999999999,4,1000
4,200,0,0.9,0.9564999999999999,4,1000
4,200,0,0.95,0.9784999999999999,4,1000
16,100,20,0.5,0.56325,16,1000
16,100,20,0.8,0.8323125,16,1000
16,100,20,0.9,0.9139375000000001,16,1000
16,100,20,0.95,0.9542499999999999,16,1000
4,50,50,0.5,0.5395,4,1000
4,50,50,0.8,0.8365,4,1000
4,50,50,0.9,0.9215000000000001,4,1000
4,50,50,0.95,0.96475,4,1000
8,800,5,0.5,0.6775,8,1000
8,800,5,0.8,0.890875,8,1000
8,800,5,0.9,0.948,8,1000
8,800,5,0.95,0.9741249999999999,8,1000
1,50,50,0.5,0.492,1,1000
1,50,50,0.8,0.79,1,1000
1,50,50,0.9,0.888,1,1000
1,50,50,0.95,0.928,1,1000
1,100,50,0.5,0.493,1,1000
1,100,50,0.8,0.796,1,1000
1,100,50,0.9,0.897,1,1000
1,100,50,0.95,0.944,1,1000
4,400,50,0.5,0.749,4,1000
4,400,50,0.8,0.959,4,1000
4,400,50,0.9,0.989,4,1000
4,400,50,0.95,0.99675,4,1000
8,200,0,0.5,0.87,8,1000
8,200,0,0.8,0.982,8,1000
8,200,0,0.9,0.992875,8,1000
8,200,0,0.95,0.9968750000000001,8,1000
1,800,0,0.5,0.749,1,1000
1,800,0,0.8,0.983,1,1000
1,800,0,0.9,0.998,1,1000
1,800,0,0.95,0.999,1,1000
8,50,0,0.5,0.18937500000000002,8,1000
8,50,0,0.8,0.35124999999999995,8,1000
8,50,0,0.9,0.44,8,1000
8,50,0,0.95,0.515625,8,1000
16,100,5,0.5,0.5351250000000001,16,1000
16,100,5,0.8,0.81,16,1000
16,100,5,0.9,0.9005625,16,1000
16,100,5,0.95,0.9453750000000001,16,1000
4,100,5,0.5,0.5994999999999999,4,1000
4,100,5,0.8,0.88675,4,1000
4,100,5,0.9,0.95225,4,1000
4,100,5,0.95,0.98275,4,1000
2,50,0,0.5,0.397,2,1000
2,50,0,0.8,0.681,2,1000
2,50,0,0.9,0.797,2,1000
2,50,0,0.95,0.865,2,1000
1,50,5,0.5,0.499,1,1000
1,50,5,0.8,0.78,1,1000
1,50,5,0.9,0.881,1,1000
1,50,5,0.95,0.933,1,1000
1,800,5,0.5,0.833,1,1000
1,800,5,0.8,0.932,1,1000
1,800,5,0.9,0.97,1,1000
1,800,5,0.95,0.982,1,1000
16,400,0,0.5,0.5975625,16,1000
16,400,0,0.8,0.8568749999999999,16,1000
16,400,0,0.9,0.9330625,16,1000
16,400,0,0.95,0.9656874999999999,16,1000
8,50,20,0.5,0.289375,8,1000
8,50,20,0.8,0.5177499999999999,8,1000
8,50,20,0.9,0.628625,8,1000
8,50,20,0.95,0.7135,8,1000
1,200,20,0.5,0.508,1,1000
1,200,20,0.8,0.812,1,1000
1,200,20,0.9,0.903,1,1000
1,200,20,0.95,0.952,1,1000
2,100,20,0.5,0.4925,2,1000
2,100,20,0.8,0.8065,2,1000
2,100,20,0.9,0.8905000000000001,2,1000
2,100,20,0.95,0.935,2,1000
8,100,0,0.5,0.638,8,1000
8,100,0,0.8,0.8795000000000001,8,1000
8,100,0,0.9,0.93425,8,1000
8,100,0,0.95,0.9590000000000001,8,1000
2,100,5,0.5,0.4985,2,1000
2,100,5,0.8,0.8069999999999999,2,1000
2,100,5,0.9,0.896,2,1000
2,100,5,0.95,0.944,2,1000
8,800,20,0.5,0.619,8,1000
8,800,20,0.8,0.868875,8,1000
8,800,20,0.9,0.9375,8,1000
8,800,20,0.95,0.97,8,1000
8,50,50,0.5,0.28700000000000003,8,1000
8,50,50,0.8,0.512,8,1000
8,50,50,0.9,0.62975,8,1000
8,50,50,0.95,0.7182499999999999,8,1000
2,400,20,0.5,0.548,2,1000
2,400,20,0.8,0.8434999999999999,2,1000
2,400,20,0.9,0.9195,2,1000
2,400,20,0.95,0.96,2,1000
