arm,barrier_every,sigma,replicate,n_simulations,elapsed_wall_s,throughput_sims_per_s,full_history_mean_abs_error,full_history_w1_to_analytic,ess,ess_fraction,n_particles_used,archive_mean_abs_error,archive_w1_to_analytic
twin_coarse,2.0,0.0,0,21120,468.971036195755,45.0347641323935,0.016860167409716367,0.23275528203165838,1495.262948692118,0.07079843507064952,21120.0,0.0018298789972498314,0.019603901975073987
twin_coarse,2.0,0.0,1,21120,467.1796553134918,45.20744805513381,0.004513758730573518,0.15986203049150804,2232.9651836319313,0.10572751816439069,21120.0,0.005812857973680828,0.023986038442504295
twin_coarse,2.0,0.0,2,21120,467.4558947086334,45.18073306822701,0.001042055153021089,0.14752363026683962,3241.3801707441366,0.153474439902658,21120.0,0.00959959317266356,0.01876324322035269
twin_coarse,2.0,0.0,3,21120,468.71167039871216,45.05968452211603,0.025836005368084527,0.22639434526751892,1683.6758460186718,0.07971950028497499,21120.0,0.02257775388619135,0.02435757375323161
twin_coarse,2.0,0.0,4,21120,468.9242286682129,45.039259455589885,0.0114416937111039,0.2188909978431322,1912.4919538982367,0.09055359630199984,21120.0,0.0015350376996632609,0.00913315429438461
twin_coarse,2.0,0.5,0,6912,349.6645059585572,19.767519671611225,0.07197683328811436,0.46205617669928206,665.6149891298829,0.09629846486254093,6912.0,0.015031074979812521,0.01781170064209096
twin_coarse,2.0,0.5,1,6912,346.44836831092834,19.95102483437492,0.02566537179246857,0.1892016533744082,1319.126710650315,0.19084587827695532,6912.0,0.010527887344407558,0.019401963253422888
twin_coarse,2.0,0.5,2,6912,349.1771445274353,19.79511004179403,0.05749053178229371,0.4299906296677688,618.6057746049005,0.08949736322408862,6912.0,0.009098440757975043,0.026451733491693788
twin_coarse,2.0,0.5,3,6912,339.2039771080017,20.37711956955987,0.0442979650777452,0.20189353390431525,1164.5709858518387,0.16848538568458316,6912.0,0.01873360192396986,0.024668154422103395
twin_coarse,2.0,0.5,4,6912,357.527330160141,19.332787781297807,0.00865492455423856,0.29058798265833463,749.0945519661569,0.1083759479117704,6912.0,0.011042773623215867,0.019045304575273606
twin_coarse,2.0,1.0,0,2112,312.9438683986664,6.748814126977797,0.08213565088559209,2.1621881783972396,350.5481314121837,0.16597922888834454,2112.0,0.010605806863642209,0.015736105233620575
twin_coarse,2.0,1.0,1,2112,273.6714107990265,7.717284000669583,0.13746914669875016,2.2350874052575547,348.7592874753378,0.16513223838794405,2112.0,0.0029329120609059983,0.018265919416042373
twin_coarse,2.0,1.0,2,2112,325.1200401782989,6.496062189343232,0.18125605685620833,2.2155391234704966,350.614126651261,0.1660104766341198,2112.0,0.011115185680279235,0.01923309348021533
twin_coarse,2.0,1.0,3,2112,347.9228127002716,6.070311928121382,0.07227486180038795,2.11934232987089,305.553425512714,0.14467491738291383,2112.0,0.012534405993913526,0.02018550425816842
twin_coarse,2.0,1.0,4,2112,332.78070425987244,6.346521817414972,0.06733357351407535,2.1899593794402947,321.2819710378108,0.15212214537775134,2112.0,0.0018470805894520992,0.010310161128523747
twin_coarse,2.0,1.5,0,672,384.27441239357,1.7487503157294384,0.12163057860290154,2.278741961999505,318.7573742728997,0.47434133076324364,672.0,0.015628451168492888,0.037662600052297324
twin_coarse,2.0,1.5,1,672,495.91731548309326,1.355064602544433,0.34948678972071723,2.3380553929527657,329.79642549937665,0.49076849032645337,672.0,0.014014964919434783,0.02882027891241656
twin_coarse,2.0,1.5,2,672,1473.9632000923157,0.4559136889970605,0.011809052403781405,2.2751720558422326,329.7640373386568,0.4907202936587155,672.0,0.006042898631294265,0.01089730814919885
twin_coarse,2.0,1.5,3,672,243.89958119392395,2.7552322833457206,0.008248368575953305,2.1756156149026404,285.0191264897946,0.42413560489552765,672.0,0.0038024376910062857,0.016780077677997086
twin_coarse,2.0,1.5,4,672,286.2668807506561,2.3474598187462865,0.09240369429860713,2.318660071032184,311.35998160282975,0.4633333059565919,672.0,0.021615408621167717,0.022443108675648596
twin_coarse,2.0,2.0,0,480,1063.9998233318329,0.4511278944548292,0.14582751223398138,2.31503196477087,313.47895521051345,0.6530811566885697,480.0,0.05898421261450275,0.13835806049903396
twin_coarse,2.0,2.0,1,480,957.1032814979552,0.5015132737281556,0.2688793021339532,2.4173811497868396,328.22851212623436,0.6838094002629883,480.0,0.033635361941552255,0.12917626319707257
twin_coarse,2.0,2.0,2,480,1648.7930648326874,0.2911220396531134,0.09775731760497403,2.348733662356654,322.8544069980112,0.6726133479125234,480.0,0.03862786136754559,0.07407327753386618
twin_coarse,2.0,2.0,3,480,1109.8973624706268,0.43247242153231363,0.02300733678571243,2.168851206292903,273.5689864835338,0.5699353885073621,480.0,0.021379968869390684,0.06471841855207142
twin_coarse,2.0,2.0,4,480,624.4701302051544,0.7686516564728367,0.0014066629727276792,2.337261025847132,308.44411245053465,0.6425919009386138,480.0,0.009541426880040907,0.10597009741295117
twin_fine,1.0,0.0,0,21120,471.0318670272827,44.83773068962382,0.02548342480259093,0.17252812028155579,1536.2073371162026,0.07273708982557778,21120.0,0.013453084317570592,0.028966670994831058
twin_fine,1.0,0.0,1,21120,470.5686395168304,44.88186892710393,0.0121453715559591,0.18568686507223603,1284.5500036488365,0.060821496384888096,21120.0,0.008942109796164069,0.022825933448097916
twin_fine,1.0,0.0,2,21120,470.9915418624878,44.841569588454014,0.008869943051702328,0.1572453349747655,3745.3328134060293,0.17733583396808852,21120.0,0.005800932226736298,0.01161165582955367
twin_fine,1.0,0.0,3,21120,470.8818044662476,44.85201976309081,0.01683039636551792,0.18828121830879274,4084.6735077892913,0.19340310169456873,21120.0,0.013728165158972891,0.01568041121811945
twin_fine,1.0,0.0,4,21120,471.086398601532,44.83254040595711,0.008936828294264343,0.21739074947924286,1747.7934419746261,0.08275537130561676,21120.0,0.002045218080370448,0.025931911257366772
twin_fine,1.0,0.5,0,6912,457.2412919998169,15.116744967999889,0.019488004715953796,0.8157213269132936,530.936055189617,0.07681366539201635,6912.0,0.009910150650898793,0.014337064626562276
twin_fine,1.0,0.5,1,6912,445.6814045906067,15.5088364217242,0.019151433825508133,1.452345132069115,483.453352499633,0.06994406141487747,6912.0,0.010660819271221297,0.024541523733883824
twin_fine,1.0,0.5,2,6912,461.3878490924835,14.980888667951277,0.14951200948236665,1.434631903824731,525.636075043122,0.07604688585693316,6912.0,0.005146807819700026,0.014777650937666783
twin_fine,1.0,0.5,3,6912,445.2373180389404,15.524305173798297,0.041898931197727626,0.8824221080077377,480.8060883534363,0.06956106602335595,6912.0,0.013823364237449356,0.0309198050889591
twin_fine,1.0,0.5,4,6912,458.0643301010132,15.089583592932794,0.04740295548020596,1.5488018419392455,486.52037200638756,0.07038778530185005,6912.0,0.00878638524696533,0.024390115204556966
twin_fine,1.0,1.0,0,2112,420.5173671245575,5.022384722042703,0.22098890153887968,2.130905797806369,342.74978658105925,0.162286830767547,2112.0,0.022790095313834278,0.028953692424414163
twin_fine,1.0,1.0,1,2112,501.6779434680939,4.209872145065354,0.22786683179097245,2.237858205055003,365.7640679950666,0.17318374431584593,2112.0,0.01033999367748302,0.026174340492363456
twin_fine,1.0,1.0,2,2112,483.573587179184,4.367484196810395,0.26439292631954137,2.282596499417691,353.50566847791004,0.1673795778777983,2112.0,0.012134888895314104,0.016665790919811466
twin_fine,1.0,1.0,3,2112,451.4794518947601,4.677953760988236,0.08146063308600221,2.038644330519525,310.1584105616767,0.14685530803109692,2112.0,0.004147223636950546,0.019104464266884596
twin_fine,1.0,1.0,4,2112,515.4563672542572,4.09734001589745,0.07601226485100394,2.2035080493865165,339.2496723814699,0.16062957972607478,2112.0,0.004190257091670195,0.019394430804398087
twin_fine,1.0,1.5,0,672,445.3104836940765,1.5090594643661182,0.24334958143375973,2.2149765100124785,324.5834622613091,0.4830111045555195,672.0,0.012076461384635168,0.015293543864064656
twin_fine,1.0,1.5,1,672,635.8437995910645,1.0568633372412988,0.259679710994545,2.277246055737362,327.6616393712712,0.4875917252548678,672.0,0.004011335609268807,0.010399915451743166
twin_fine,1.0,1.5,2,672,793.8195402622223,0.8465400080451766,0.14068461645612046,2.2078031291602036,332.3229426240541,0.494528188428652,672.0,0.006736682338850927,0.014942249003852515
twin_fine,1.0,1.5,3,672,553.8177571296692,1.213395546366817,0.01852207282612081,2.150798902545297,312.2261076070269,0.46462218393902815,672.0,0.011960759092617936,0.014419032417901764
twin_fine,1.0,1.5,4,672,772.1070635318756,0.8703456188135976,0.04980230210590337,2.235029601548,326.7369704727062,0.48621572987009853,672.0,0.014437913568186148,0.015495568798744516
twin_fine,1.0,2.0,0,480,1315.3571708202362,0.36491989449578893,0.23033743394147294,2.2139845098088315,312.7080553983597,0.6514751154132494,480.0,0.0015494413880775132,0.09666155027546822
twin_fine,1.0,2.0,1,480,1534.750792503357,0.3127543587822908,0.18831015655414063,2.350164681499141,327.58329644288517,0.6824652009226775,480.0,0.0002524474815370978,0.11202653856773975
twin_fine,1.0,2.0,2,480,1298.1132740974426,0.3697674229036263,0.1845446032444359,2.3417723849796164,329.04466807573306,0.6855097251577772,480.0,0.021375516074776182,0.10565124550348842
twin_fine,1.0,2.0,3,480,965.960064649582,0.49691495287036314,0.10278533021749463,2.1547926885652346,285.39248376012665,0.5945676745002638,480.0,0.005737329571041193,0.044959015946344875
twin_fine,1.0,2.0,4,480,504.768012046814,0.9509318905800296,0.175899933728977,2.2791624347902513,308.1587267386336,0.6419973473721534,480.0,0.0034183714636392692,0.09179630990235774
pyabc_baseline,,0.0,0,1385,59.42906665802002,23.305094255810474,0.11384777652121904,0.5441118593876794,100.0,1.0,100.0,0.11384777652121904,0.5441118593876794
pyabc_baseline,,0.0,1,1364,59.32828903198242,22.99071863111881,0.010853733435412613,0.2104205133865566,100.0,1.0,100.0,0.010853733435412613,0.2104205133865566
pyabc_baseline,,0.0,2,1406,59.42219042778015,23.66119441034083,0.09325932505317737,0.5338248491366933,100.0,1.0,100.0,0.09325932505317737,0.5338248491366933
pyabc_baseline,,0.0,3,1375,59.471134662628174,23.12046016609893,0.04368444652698729,0.5294066821464789,100.0,1.0,100.0,0.04368444652698729,0.5294066821464789
pyabc_baseline,,0.0,4,1343,59.43988585472107,22.59425604016921,0.05328587507922637,0.39143893014684594,100.0,1.0,100.0,0.05328587507922637,0.39143893014684594
pyabc_baseline,,0.5,0,1018,59.75614047050476,17.03590613424035,0.24346339643157977,0.8677886294724666,100.0,1.0,100.0,0.24346339643157977,0.8677886294724666
pyabc_baseline,,0.5,1,1188,59.94497084617615,19.81817629119394,0.10149338040525963,0.6216979380048556,100.0,1.0,100.0,0.10149338040525963,0.6216979380048556
pyabc_baseline,,0.5,2,1177,59.79737091064453,19.683139610916943,0.013049356062688103,0.406000058972207,100.0,1.0,100.0,0.013049356062688103,0.406000058972207
pyabc_baseline,,0.5,3,1112,59.90855550765991,18.561622635982594,0.023390560465636253,0.4488772953718164,100.0,1.0,100.0,0.023390560465636253,0.4488772953718164
pyabc_baseline,,0.5,4,1132,59.96203017234802,18.87861362842966,0.18463628132284376,0.6092873920203141,100.0,1.0,100.0,0.18463628132284376,0.6092873920203141
pyabc_baseline,,1.0,0,628,59.96093797683716,10.473485258729536,0.19727092770683846,1.0977585852667042,100.0,1.0,100.0,0.19727092770683846,1.0977585852667042
pyabc_baseline,,1.0,1,490,59.78956484794617,8.195410039296046,0.007915919008470107,1.1925837028542365,100.0,1.0,100.0,0.007915919008470107,1.1925837028542365
pyabc_baseline,,1.0,2,402,54.83681130409241,7.330842009954711,0.10597415197517095,1.5774313709121508,100.0,1.0,100.0,0.10597415197517095,1.5774313709121508
pyabc_baseline,,1.0,3,682,59.88581466674805,11.388339689376966,0.11046086752411668,1.426056441354194,100.0,1.0,100.0,0.11046086752411668,1.426056441354194
pyabc_baseline,,1.0,4,593,59.81365966796875,9.914123350615876,0.07682684321731646,1.3553693651602021,100.0,1.0,100.0,0.07682684321731646,1.3553693651602021
pyabc_baseline,,1.5,0,238,53.64759397506714,4.436359254258655,0.5328406764053559,2.2317554111893623,100.0,1.0,100.0,0.5328406764053559,2.2317554111893623
pyabc_baseline,,1.5,1,234,53.79935956001282,4.349494155947611,0.10330098239065548,2.3258715217870165,100.0,1.0,100.0,0.10330098239065548,2.3258715217870165
pyabc_baseline,,1.5,2,349,59.90078687667847,5.826300758260627,0.025212638972126073,1.4792412539383326,100.0,1.0,100.0,0.025212638972126073,1.4792412539383326
pyabc_baseline,,1.5,3,118,47.22972369194031,2.4984266427147563,,,,,,,
pyabc_baseline,,1.5,4,246,59.43322229385376,4.139099152048498,0.1742836349375581,2.1533843332771263,100.0,1.0,100.0,0.1742836349375581,2.1533843332771263
pyabc_baseline,,2.0,0,124,58.74694466590881,2.11074806877502,,,,,,,
pyabc_baseline,,2.0,1,118,49.47111392021179,2.3852303020771526,,,,,,,
pyabc_baseline,,2.0,2,155,59.838297605514526,2.5903143338375263,0.01230360798767055,2.20675332803416,100.0,1.0,100.0,0.01230360798767055,2.20675332803416
pyabc_baseline,,2.0,3,116,40.90865182876587,2.8355859901115563,,,,,,,
pyabc_baseline,,2.0,4,105,52.20064973831177,2.011469215926963,,,,,,,
async,,0.0,0,2832,59.53834557533264,47.565984117189295,0.08185975073055994,2.110839258561671,352.3315516972118,0.12441085865014541,2832.0,0.008991519543076663,0.012694908737991496
async,,0.0,1,2832,59.33448100090027,47.72941386235485,0.24155648979702982,2.121907091058119,350.5259580136027,0.12377329025904049,2832.0,0.0013266105640170958,0.022994018679403823
async,,0.0,2,2832,59.52959632873535,47.57297503515867,0.16711760858889216,2.137957719154669,340.4949529060227,0.1202312686815052,2832.0,0.010433258559245151,0.017921963710915857
async,,0.0,3,2832,59.5376832485199,47.56651326486412,0.05431370446210345,2.044882965670817,333.70612078329447,0.11783408219749099,2832.0,0.005237712863445203,0.019894902500436018
async,,0.0,4,2832,59.54692268371582,47.55913273708872,0.00579713123589564,2.1174087291498793,339.7860274607089,0.11998094189996783,2832.0,0.00697080414663661,0.015264181221254818
async,,0.5,0,2527,59.99022603034973,42.123528568163124,0.07429936369070174,1.77815387781639,422.7535688625371,0.16729464537496522,2527.0,0.017672941182384647,0.02314751316118035
async,,0.5,1,2509,59.97189450263977,41.836263816704374,0.3366270167894116,2.2404757123610324,367.2131102211948,0.14635835401402744,2509.0,0.006121346377369406,0.015238720988225112
async,,0.5,2,2509,59.99677133560181,41.81891698747414,0.17401440131947898,2.1570113538373556,356.0111802932761,0.14189365495945638,2509.0,0.008699655889192887,0.017444550018826537
async,,0.5,3,2547,59.99052143096924,42.45670714715855,0.11393046906660086,2.0350956746778515,335.02923727961934,0.13153876610899856,2547.0,0.007783839223122098,0.03054125991384675
async,,0.5,4,2582,59.99538969993591,43.03664019708431,0.015490182347473597,1.890492373051324,425.01206051299414,0.16460575542718595,2582.0,0.0024149912391356887,0.013393738847033126
async,,1.0,0,1759,59.98478555679321,29.324102498200816,0.013623058756380979,0.7276617700834171,518.5989281421612,0.2948259966697903,1759.0,0.0006108554683826872,0.013328932579705176
async,,1.0,1,1707,59.8884003162384,28.50301545852372,0.0025005317970926283,0.6625589830167207,516.054662617425,0.30231673264055364,1707.0,0.009273616071790045,0.014824770838786392
async,,1.0,2,1731,59.970252990722656,28.8643104485116,0.00571218594430313,0.6771038248159623,498.845697266037,0.2881835339491837,1731.0,0.0232305332972583,0.02563376483183052
async,,1.0,3,1752,59.96695375442505,29.216091368835247,0.02540918453011977,1.0061542890693904,451.6285362093148,0.25777884486833036,1752.0,0.003899830953482848,0.017402198201590686
async,,1.0,4,1679,59.99602699279785,27.9851864224535,0.043389345696297696,0.4920898159444187,544.9290369563803,0.3245557099204171,1679.0,0.01253164250938514,0.015476789418440905
async,,1.5,0,1095,59.9188768863678,18.27470835404,0.0506319604329591,1.0236355354942681,459.75578206028365,0.4198682941189805,1095.0,0.007657863397927463,0.01277865206366796
async,,1.5,1,1055,59.9552206993103,17.596465957336328,0.042701418022640214,0.6348584545945772,433.62661926109917,0.4110204921906153,1055.0,0.0021973720238498418,0.013710399335038584
async,,1.5,2,950,59.79037022590637,15.888846254181207,0.00018397991221592858,1.1131361274132183,418.1725477307367,0.44018162919024917,950.0,0.005832128326564878,0.014208430071795706
async,,1.5,3,1001,59.95002627372742,16.69724038867819,0.018228661001973394,0.934830633884534,484.02366074336186,0.4835401206227391,1001.0,0.020465021505417208,0.021316626083403515
async,,1.5,4,1096,59.969489097595215,18.275960267334508,0.03363575751170071,0.6216870284027385,531.0494756857827,0.4845341931439623,1096.0,0.00945667599056716,0.014555509223729609
async,,2.0,0,647,59.85848522186279,10.808826812137385,0.0581768514027341,0.5606757635695362,436.02871491249357,0.6739238252125094,647.0,0.01047507124514107,0.038777811324227064
async,,2.0,1,674,59.97275638580322,11.238436260360873,0.04526680074345861,0.9826645945573795,408.8392102663031,0.6065863653802717,674.0,0.01866216719774469,0.02044543232927755
async,,2.0,2,684,59.88613820075989,11.42167487419185,0.003244808982887523,0.5390771190469419,422.23786273773334,0.6173068168680312,684.0,0.008240373283376824,0.01314657848642876
async,,2.0,3,696,59.87897491455078,11.623445474696492,0.010808000282372776,0.5584481939969423,445.43013181609984,0.6399858215748561,696.0,0.011167071505492135,0.016281427921742548
async,,2.0,4,705,59.87606310844421,11.774321212855012,0.05360840784136707,0.593904119583553,424.852789051087,0.6026280695760099,705.0,0.01081175933164405,0.01851372616109203
