run,box,tol_init,method,replicate,n_sims,n_match,throughput,utilisation,runtime_cv,mean_runtime_s,eps_full,eps_matched,ess,contraction_division_rate,contraction_cell_volume,covered_division_rate,covered_cell_volume,bias_division_rate,bias_cell_volume,n_generations
50_control,50,10.0,async,0,13274,5636,3.687222222222222,0.9978016783136571,0.04489612671356131,12.98826421266294,7.782745407358678e-05,0.0002223993932224,1235.0222810780676,0.8862984756951491,0.34918986969069765,True,True,-0.02248477929795506,0.03862453698721002,
50_control,50,10.0,async,1,13233,5636,3.6758333333333333,0.9979476133864021,0.051228367100600226,13.029214116961816,6.310930206176217e-05,0.0001772882552148,613.6886053997508,0.8841620415637812,0.12975625267730584,True,True,-0.020207453036550804,0.10082508433692461,
50_control,50,10.0,async,2,13249,5636,3.680277777777778,0.9977962322604383,0.05205289482303661,13.012561686471395,5.5073070259715546e-05,0.0001747414093667,671.3580356383918,0.7788749908698924,0.03755030288325223,True,True,-0.011224661444281803,0.01672513746117199,
50_control,50,10.0,async,3,13285,5636,3.6902777777777778,0.9977740013473808,0.050310636522048945,12.976762408424152,6.158370493511577e-05,0.0001704069081317,645.199647480752,0.8753088416145881,0.15400747988457586,True,True,-0.015332042065832219,0.0552953975022521,
50_control,50,10.0,async,4,13291,5636,3.6919444444444443,0.9979630352192173,0.05358384046522358,12.972158208100378,6.80965305660488e-05,0.000221282974166,632.27776183724,0.7744337690673423,-0.020604847704015494,True,True,-0.01223789293737193,0.04087326610961994,
50_control,50,10.0,sync,0,5777,5636,1.6047222222222222,0.4514252476886264,0.11718135686895295,13.460937022791407,0.0004542379438468,0.0004714637973901,82.89936711697473,0.9102857866734757,0.7010102729141358,True,True,-0.02423471534496574,0.03210007219796085,23.0
50_control,50,10.0,sync,1,5566,5636,1.5461111111111112,0.43033714551635405,0.10976530366646672,13.35403410333804,0.0003617849197171,0.0003617849197171,69.52971986372626,0.9054884012002198,0.6665041606638678,True,True,-0.023129144344521124,0.045988171546077594,23.0
50_control,50,10.0,sync,2,5765,5636,1.601388888888889,0.4497724176699946,0.11548969588630482,13.480870288532916,0.0004339925051443,0.0004630663820608,41.87135776336267,0.9233473715538352,0.6266413695002472,True,True,-0.01513607162125491,0.040212628819930374,24.0
50_control,50,10.0,sync,3,5796,5636,1.61,0.45196358738207765,0.11587485328506712,13.435692202724033,0.0004457628419864,0.0005038073635819,80.13659429307523,0.9042781236172118,0.6698811869708328,True,True,-0.025454333218668246,0.06536164605511863,24.0
50_control,50,10.0,sync,4,5280,5636,1.4666666666666666,0.41283002198763075,0.12582374285902925,13.483991437924626,0.0005929985741278,0.0005929985741278,53.6838864019403,0.9100468587658943,0.6253103925771357,True,True,-0.021266172118477256,0.04646967958852366,22.0
50_fixed,50,0.1,async,0,12835,5427,3.5652777777777778,0.9980332357939193,0.04849055664653828,13.434440838041404,6.147726466202043e-05,0.0002171093168714,572.9548005922302,0.9118448082973555,0.8143598844087633,True,True,-0.023179762807179094,0.05233160158715633,
50_fixed,50,0.1,async,1,12860,5427,3.5722222222222224,0.9976004841927876,0.05274123836577147,13.403437161056287,7.629015888252514e-05,0.0001707499669106,293.90300125883493,0.9183147123756927,0.8005411904273172,True,True,-0.02567949758830279,0.05419566992338831,
50_fixed,50,0.1,async,2,12896,5427,3.582222222222222,0.9975965029790509,0.051434843491620495,13.366862605360541,6.435888993689814e-05,0.0001784219633923,352.88484723256744,0.9256746235152764,0.8206086888725279,True,True,-0.027338148075407798,0.05330248902166512,
50_fixed,50,0.1,async,3,12909,5427,3.5858333333333334,0.9979545964026219,0.05229686429966398,13.357159668068185,8.576469642625384e-05,0.000267824083866,302.9909254743586,0.9140948336808674,0.8009631203065661,True,True,-0.02557116441003704,0.04839446322723395,
50_fixed,50,0.1,async,4,12934,5427,3.5927777777777776,0.9979930431418298,0.05354471287562636,13.332685399483138,8.708180910421177e-05,0.000244524132744,236.85034093793485,0.9170944619888339,0.8005599596173532,True,True,-0.029426414810241386,0.05106309688801103,
50_fixed,50,0.1,sync,0,4749,5427,1.3191666666666666,0.37605015743701,0.10521761435242034,13.659966163721608,0.0004072939241842,0.0004072939241842,38.34337861093903,0.9104913217761017,0.7174926806769673,True,True,-0.027237563612551252,0.017222464113852975,13.0
50_fixed,50,0.1,sync,1,5802,5427,1.6116666666666666,0.4558598431369469,0.1041888755515027,13.576587563175778,0.0002421782279086,0.0003103550249595,65.61778995798105,0.9059083233530076,0.7667642035893906,True,True,-0.019110708561804413,0.041373959187441245,15.0
50_fixed,50,0.1,sync,2,5400,5427,1.5,0.42809059766177593,0.10780374694909878,13.66755915054569,0.0003530096034202,0.0003530096034202,82.41953075053584,0.9229282913569854,0.6703173548664084,True,True,-0.025999032981578185,0.05183332084291392,15.0
50_fixed,50,0.1,sync,3,5348,5427,1.4855555555555555,0.4226232547078747,0.11512778862081526,13.65367064640071,0.0003118465348574,0.0003118465348574,65.46786202449958,0.8986462656053931,0.7188110813615833,True,True,-0.027498224367575153,0.06024028717843999,14.0
50_fixed,50,0.1,sync,4,5838,5427,1.6216666666666666,0.4591285674194059,0.09382079172234714,13.58094048001824,0.0002722894818006,0.0003214664803115,73.91269387221008,0.9180349561089743,0.7377314331354003,True,True,-0.029466596893200636,0.06553513519205467,17.0
80,80,0.1,async,0,993,481,0.2758333333333333,0.9746322098776806,0.12996759377595873,169.4446196354408,0.0029209666012752,0.021961209031006,462.4633784563093,0.4813199738482741,0.15986363118809888,True,True,0.1409027284739814,0.043385942671709254,
80,80,0.1,async,1,980,481,0.2722222222222222,0.975013818409386,0.13928944993169362,171.60032386366203,0.003117602815973,0.0248039485923343,502.980886342309,0.5074242000230431,0.13030511938467515,True,True,0.1417621246273612,0.047097909686410255,
80,80,0.1,async,2,990,481,0.275,0.9774941955493216,0.13538582531941667,170.52808989491126,0.0022850527558239,0.0223695877844631,433.21594591269036,0.5119510510629978,0.14527581011368584,True,True,0.15562041392762832,0.05210198312766856,
80,80,0.1,sync,0,466,481,0.12944444444444445,0.4844163723069137,0.22905754904414993,173.38155191190253,0.0503561505065504,0.0503561505065504,100.0,0.5169285187846515,0.06245616980770774,True,True,0.13271251278437274,0.08456007107405783,1.0
80,80,0.1,sync,1,530,481,0.14722222222222223,0.5407410023392745,0.23850652644654455,174.90812871231222,0.0405965543513731,0.0474555734713571,65.93934237251777,0.5200039925625433,0.10546959855690108,True,True,0.13730127617487814,-0.09844063619714744,2.0
80,80,0.1,sync,2,449,481,0.12472222222222222,0.4532654201843563,0.23196757463378934,174.2717141828983,0.049493231680876,0.049493231680876,100.0,0.5140550674337495,0.15036561954579875,True,True,0.15491642697312752,0.059025386071149155,1.0
50_rejection,50,,rejection,0,13000,13000,,,0.23728385896262183,15.211535777807235,0.0029427493868617763,,100.0,0.9137139676953041,0.6695368723372742,True,True,-0.02324474229971213,0.0785483555679225,
80_rejection,80,,rejection,0,1000,1000,,,0.2697101295088622,170.36484623169898,0.03296876481474635,,100.0,0.7766399984138415,0.5286210992867708,False,True,0.13576720161917138,0.031604008566077146,
