method,replicate,n,eps
async,0,200,0.286949643149299
async,0,223,0.1658248574902655
async,0,248,0.1249461709291196
async,0,277,0.0963891225364208
async,0,309,0.0736720153304512
async,0,344,0.0657847989198757
async,0,384,0.0471836456255188
async,0,428,0.0356135076175452
async,0,478,0.0260526357384763
async,0,533,0.0199341186376849
async,0,594,0.0164714905201499
async,0,662,0.0129033556832316
async,0,739,0.0098587814180438
async,0,824,0.0068516837398989
async,0,919,0.0049158832218886
async,0,1024,0.0039377154891121
async,0,1142,0.0031557799411447
async,0,1274,0.0023851012833227
async,0,1421,0.001795835971804
async,0,1584,0.0015395288186474
async,0,1766,0.0012253593172751
async,0,1970,0.0010276156779327
async,0,2197,0.0008844692583772
async,0,2449,0.0007162364489957
async,0,2731,0.0005829294928845
async,0,3046,0.0005081224595564
async,0,3396,0.0003881928802269
async,0,3787,0.0003558901693891
async,0,4223,0.000304278730159
async,0,4710,0.0002452469431103
async,0,5252,0.0002196723390904
async,0,5856,0.0001881276565365
async,0,6530,0.0001640604659164
async,0,7282,0.0001403885154019
async,0,8120,0.0001259774234444
async,0,9054,0.0001035715258668
async,0,10097,9.181163125556876e-05
async,0,11259,7.448944388086529e-05
async,0,12555,6.287622300103342e-05
async,1,200,0.2340528191776632
async,1,223,0.1160322188545725
async,1,248,0.0850824342176012
async,1,277,0.0592310857999998
async,1,309,0.0425716999561645
async,1,344,0.0331825498479706
async,1,384,0.0258171526219725
async,1,428,0.0227310164553257
async,1,478,0.0181081484687753
async,1,533,0.0135415893404209
async,1,594,0.011356931942134
async,1,662,0.0096040700844435
async,1,739,0.0083209576101647
async,1,824,0.0063959171725866
async,1,919,0.004877693892697
async,1,1024,0.0039114810502664
async,1,1142,0.0029828999195131
async,1,1274,0.0024856930398929
async,1,1421,0.0017080077983326
async,1,1584,0.0014724367011861
async,1,1766,0.0012108477875685
async,1,1970,0.0009975425086175
async,1,2197,0.0008199180444397
async,1,2449,0.0006940223567794
async,1,2731,0.0005470705300322
async,1,3046,0.0004360333677197
async,1,3396,0.0003543261591172
async,1,3787,0.0002779836008936
async,1,4223,0.0002460841483263
async,1,4710,0.0002176579069075
async,1,5252,0.0001824044559094
async,1,5856,0.0001558404640481
async,1,6530,0.0001434222738996
async,1,7282,0.0001267365523982
async,1,8120,0.0001149508947287
async,1,9054,0.0001107951393601
async,1,10097,9.751159467628376e-05
async,1,11259,8.244138599486756e-05
async,1,12555,7.884729029278243e-05
async,2,200,0.2719167161794862
async,2,223,0.1822158094745092
async,2,248,0.1129890216282431
async,2,277,0.0786487507464871
async,2,309,0.0549544270292312
async,2,344,0.0422401582682758
async,2,384,0.0325554146284467
async,2,428,0.025569120145066
async,2,478,0.0171118183518512
async,2,533,0.0135123072798229
async,2,594,0.0104783306873542
async,2,662,0.008109808798796
async,2,739,0.0065534088334967
async,2,824,0.0051788363558873
async,2,919,0.0038801214428443
async,2,1024,0.0033107838053947
async,2,1142,0.0024179267911363
async,2,1274,0.0020368219083999
async,2,1421,0.0016004696402502
async,2,1584,0.0014526824765242
async,2,1766,0.0012499102313192
async,2,1970,0.0011059477531372
async,2,2197,0.0008376802919235
async,2,2449,0.0006881483937941
async,2,2731,0.0005579553928263
async,2,3046,0.0004769948947325
async,2,3396,0.0003718045802994
async,2,3787,0.0003247739553527
async,2,4223,0.0002739804206332
async,2,4710,0.0002198508667234
async,2,5252,0.0001875022813993
async,2,5856,0.0001617422245854
async,2,6530,0.0001340423727944
async,2,7282,0.0001243366444636
async,2,8120,0.0001165645056614
async,2,9054,0.0001026538548414
async,2,10097,9.218511120641136e-05
async,2,11259,7.845981131873873e-05
async,2,12555,6.55440182656625e-05
async,3,200,0.2075216022452587
async,3,223,0.1156357973363187
async,3,248,0.070115821467439
async,3,277,0.0480628337658229
async,3,309,0.0370910260603399
async,3,344,0.0279139397943841
async,3,384,0.0219883796152276
async,3,428,0.0178032516722407
async,3,478,0.0140537884827077
async,3,533,0.0122731414165432
async,3,594,0.0093158406868026
async,3,662,0.0078598299595409
async,3,739,0.0061079528117412
async,3,824,0.0044615450289244
async,3,919,0.0036357958927848
async,3,1024,0.0029370164999958
async,3,1142,0.002284589350551
async,3,1274,0.001831541889992
async,3,1421,0.0017479391505477
async,3,1584,0.0015202689872024
async,3,1766,0.0013138207720075
async,3,1970,0.001079805204321
async,3,2197,0.0009087573125995
async,3,2449,0.0007585974813399
async,3,2731,0.000719273759939
async,3,3046,0.0005794061256925
async,3,3396,0.000483401671282
async,3,3787,0.0003981483884514
async,3,4223,0.0003588730010488
async,3,4710,0.000332087993462
async,3,5252,0.000279987298179
async,3,5856,0.000213288883186
async,3,6530,0.0002048899993369
async,3,7282,0.0001844607825226
async,3,8120,0.0001588042004362
async,3,9054,0.0001348497406324
async,3,10097,0.0001202050692739
async,3,11259,9.539169280404767e-05
async,3,12555,8.993497273958755e-05
async,4,200,0.2516722113765852
async,4,223,0.1455302311099234
async,4,248,0.1000854320428557
async,4,277,0.0718612052826271
async,4,309,0.048224685119597
async,4,344,0.0338359105367765
async,4,384,0.0217132109675433
async,4,428,0.0196107096024165
async,4,478,0.0153138064369038
async,4,533,0.0121622519899214
async,4,594,0.0100619046431532
async,4,662,0.0081934957321459
async,4,739,0.0063704513175824
async,4,824,0.0055295932371891
async,4,919,0.0041185879444289
async,4,1024,0.0034482793315501
async,4,1142,0.00290067281986
async,4,1274,0.0025211706725352
async,4,1421,0.0019872471622042
async,4,1584,0.0015081699071783
async,4,1766,0.0012469714302351
async,4,1970,0.0010019525447924
async,4,2197,0.0007924645299738
async,4,2449,0.0006798422542903
async,4,2731,0.0006215873442177
async,4,3046,0.0005358268814043
async,4,3396,0.0004299570900889
async,4,3787,0.0003972748427872
async,4,4223,0.0003565315851406
async,4,4710,0.0003016167073354
async,4,5252,0.0002629107776124
async,4,5856,0.0002212602209833
async,4,6530,0.000195168413704
async,4,7282,0.0001639050352971
async,4,8120,0.0001477263506464
async,4,9054,0.000123750773716
async,4,10097,0.0001151494283771
async,4,11259,0.0001029673534543
async,4,12555,9.132085118194649e-05
sync,0,200,0.4623747203750489
sync,0,223,0.4206916319502797
sync,0,248,0.3629165520184773
sync,0,277,0.2967342574050388
sync,0,309,0.2129352312991065
sync,0,344,0.2028441472165566
sync,0,384,0.1488064321268568
sync,0,428,0.1240360617737479
sync,0,478,0.0915041187758248
sync,0,533,0.0491933462339696
sync,0,594,0.0333409044556511
sync,0,662,0.0238863019570966
sync,0,739,0.0193647571475918
sync,0,824,0.0153674768754585
sync,0,919,0.0127304684772846
sync,0,1024,0.0100205576522982
sync,0,1142,0.0079690755196234
sync,0,1274,0.0064096246570933
sync,0,1421,0.0052946322061274
sync,0,1584,0.0045421776289001
sync,0,1766,0.0038245538308313
sync,0,1970,0.00324377428913
sync,0,2197,0.0024342785539082
sync,0,2449,0.0016073604039559
sync,0,2731,0.0013184655559974
sync,0,3046,0.0011460958520329
sync,0,3396,0.0009171980766693
sync,0,3787,0.000658580030546
sync,0,4223,0.0004903622271672
sync,0,4710,0.0004204249314297
sync,1,200,0.504920383221729
sync,1,223,0.3994755599757084
sync,1,248,0.353910788893071
sync,1,277,0.2944684467082483
sync,1,309,0.2411540138437975
sync,1,344,0.1947765613381575
sync,1,384,0.1603324685799582
sync,1,428,0.1328936201501073
sync,1,478,0.1014110460339435
sync,1,533,0.0594178385836347
sync,1,594,0.038319991794375
sync,1,662,0.0259692194538893
sync,1,739,0.0222422607429425
sync,1,824,0.0189806418486902
sync,1,919,0.0154878678663346
sync,1,1024,0.0111847629762301
sync,1,1142,0.0093992375563068
sync,1,1274,0.0075710700172497
sync,1,1421,0.0063145755465452
sync,1,1584,0.0048625731404676
sync,1,1766,0.004261480671667
sync,1,1970,0.0028342586031119
sync,1,2197,0.0020960916532443
sync,1,2449,0.001694702045024
sync,1,2731,0.0015244884385469
sync,1,3046,0.0012393636324576
sync,1,3396,0.0009022778656348
sync,1,3787,0.0007369311926811
sync,1,4223,0.00058307590781
sync,1,4710,0.0004745151560409
sync,1,5252,0.0003387166306543
sync,2,200,0.4028685659417592
sync,2,223,0.3550316307305916
sync,2,248,0.2864664193116222
sync,2,277,0.2434060513082455
sync,2,309,0.2199032563283119
sync,2,344,0.1920495569978824
sync,2,384,0.1735070432024828
sync,2,428,0.1549961045651076
sync,2,478,0.1290320926389164
sync,2,533,0.1103723964325164
sync,2,594,0.0626353184988059
sync,2,662,0.0417999143200868
sync,2,739,0.0326762142184874
sync,2,824,0.0234039616481272
sync,2,919,0.0185006811621821
sync,2,1024,0.0136962678726481
sync,2,1142,0.010644017721
sync,2,1274,0.0087043057142322
sync,2,1421,0.0078133040662523
sync,2,1584,0.0061200129885902
sync,2,1766,0.0046667732246124
sync,2,1970,0.0037583918214635
sync,2,2197,0.0031933457507533
sync,2,2449,0.0023467803784303
sync,2,2731,0.0018639488716149
sync,2,3046,0.0012985789568917
sync,2,3396,0.0010495437030989
sync,2,3787,0.0008364512994167
sync,2,4223,0.000764924455521
sync,2,4710,0.0005747294609733
sync,2,5252,0.0003798330751491
sync,3,200,0.4285703124287007
sync,3,223,0.4048669106563422
sync,3,248,0.3265082391372856
sync,3,277,0.264949597509976
sync,3,309,0.2274994598815292
sync,3,344,0.2052071066459909
sync,3,384,0.1662576331074042
sync,3,428,0.1637077350536062
sync,3,478,0.1265630425296703
sync,3,533,0.1166861444797742
sync,3,594,0.0939917850009866
sync,3,662,0.0490883667860098
sync,3,739,0.0336906014645495
sync,3,824,0.0221105720987931
sync,3,919,0.0163303588596624
sync,3,1024,0.014352282357538
sync,3,1142,0.011236577848036
sync,3,1274,0.0079807690449853
sync,3,1421,0.0059288978005134
sync,3,1584,0.0041429385028108
sync,3,1766,0.0031420158513058
sync,3,1970,0.002789896519409
sync,3,2197,0.0021955094203484
sync,3,2449,0.0017342083031963
sync,3,2731,0.0011338018313271
sync,3,3046,0.0010080070370149
sync,3,3396,0.0007936953821712
sync,3,3787,0.0006259154540909
sync,3,4223,0.0004447462055668
sync,3,4710,0.0003614116206287
sync,3,5252,0.0003298168799812
sync,4,200,0.4612397111160383
sync,4,223,0.4012138444533865
sync,4,248,0.359558172010957
sync,4,277,0.3089019278993674
sync,4,309,0.2713933720686897
sync,4,344,0.2357122117018606
sync,4,384,0.1690572300737735
sync,4,428,0.1372090809254705
sync,4,478,0.115888309148588
sync,4,533,0.0595430348594786
sync,4,594,0.0386171131754423
sync,4,662,0.0280581469672766
sync,4,739,0.0244993420060863
sync,4,824,0.0193644271922598
sync,4,919,0.0143130666311979
sync,4,1024,0.0115731968216435
sync,4,1142,0.0095585642259357
sync,4,1274,0.0061437893116426
sync,4,1421,0.0048187543812781
sync,4,1584,0.0040949126910041
sync,4,1766,0.0032100576239759
sync,4,1970,0.0024149724647293
sync,4,2197,0.0018756362249684
sync,4,2449,0.0015970994522186
sync,4,2731,0.0013915145053776
sync,4,3046,0.0010329894797627
sync,4,3396,0.0008751780550266
sync,4,3787,0.0006117879621227
sync,4,4223,0.0005013388149049
sync,4,4710,0.0004039711204053
sync,4,5252,0.000353080716776
rejection,0,200,0.44677765799993446
rejection,0,223,0.420632881177481
rejection,0,248,0.3353556866830157
rejection,0,277,0.29098894669855074
rejection,0,309,0.25555237510238354
rejection,0,344,0.20799888149251805
rejection,0,384,0.16190999018355978
rejection,0,428,0.12384174659761714
rejection,0,478,0.11674712227342696
rejection,0,533,0.09808640379987449
rejection,0,594,0.0881522872354522
rejection,0,662,0.06937124232024126
rejection,0,739,0.055624270685511915
rejection,0,824,0.05498857437219559
rejection,0,919,0.04679751000102337
rejection,0,1024,0.03946803191738786
rejection,0,1142,0.03211141951644054
rejection,0,1274,0.029999620382668093
rejection,0,1421,0.027692635303094078
rejection,0,1584,0.02480733686372412
rejection,0,1766,0.021987205355284808
rejection,0,1970,0.020074907669032943
rejection,0,2197,0.01859471937619832
rejection,0,2449,0.016314259239927856
rejection,0,2731,0.014382364704698553
rejection,0,3046,0.0128614565605096
rejection,0,3396,0.011313892002848262
rejection,0,3787,0.01068059899748293
rejection,0,4223,0.0091393396359829
rejection,0,4710,0.008095967690021518
rejection,0,5252,0.007812442144223665
rejection,0,5856,0.007169554939269984
rejection,0,6530,0.00637289372910761
rejection,0,7282,0.00572072238277024
rejection,0,8120,0.0052196192013819545
rejection,0,9054,0.004613008266888476
rejection,0,10097,0.004075031239348232
rejection,0,11259,0.0038800655372863927
rejection,0,12555,0.0030830466987703535
