benchmark,method,wall_time,w_median,w_lo,w_hi
gandk,async_propulate_abc,0.0571751594543457,0.8239365258253302,0.8239365258253302,0.8239365258253302
gandk,async_propulate_abc,7.650004758110529,1.1601744537039218,1.145187951248466,1.3437909096257667
gandk,async_propulate_abc,15.242834356766712,1.1601744537039218,1.145187951248466,1.3437909096257667
gandk,async_propulate_abc,22.835663955422895,1.1601744537039218,1.145187951248466,1.3437909096257667
gandk,async_propulate_abc,30.42849355407908,1.1601744537039218,1.145187951248466,1.3437909096257667
gandk,async_propulate_abc,38.02132315273526,1.1601744537039218,1.145187951248466,1.3437909096257667
gandk,async_propulate_abc,45.614152751391444,1.1601744537039218,1.145187951248466,1.3437909096257667
gandk,async_propulate_abc,53.20698235004763,1.1601744537039218,1.145187951248466,1.3437909096257667
gandk,async_propulate_abc,60.79981194870381,1.1601744537039218,1.145187951248466,1.3437909096257667
gandk,async_propulate_abc,68.39264154736,1.1601744537039218,1.145187951248466,1.3437909096257667
gandk,async_propulate_abc,75.98547114601618,1.1601744537039218,1.145187951248466,1.3437909096257667
gandk,async_propulate_abc,83.57830074467236,1.1601744537039218,1.145187951248466,1.3437909096257667
gandk,async_propulate_abc,91.17113034332854,1.1601744537039218,1.145187951248466,1.3437909096257667
gandk,async_propulate_abc,98.76395994198472,1.1601744537039218,1.145187951248466,1.3437909096257667
gandk,async_propulate_abc,106.35678954064092,1.1601744537039218,1.145187951248466,1.3437909096257667
gandk,async_propulate_abc,113.9496191392971,1.1601744537039218,1.145187951248466,1.3437909096257667
gandk,async_propulate_abc,121.54244873795328,1.1601744537039218,1.145187951248466,1.3437909096257667
gandk,async_propulate_abc,129.13527833660947,1.1601744537039218,1.145187951248466,1.3437909096257667
gandk,async_propulate_abc,136.72810793526565,1.1601744537039218,1.145187951248466,1.3437909096257667
gandk,async_propulate_abc,144.32093753392184,0.1231578604294351,0.1130292824642962,1.1601744537039218
gandk,async_propulate_abc,151.91376713257802,0.1231578604294351,0.1130292824642962,1.1601744537039218
gandk,async_propulate_abc,159.5065967312342,0.1130292824642962,0.080140172199162,0.1231578604294351
gandk,async_propulate_abc,167.09942632989038,0.1130292824642962,0.080140172199162,0.1231578604294351
gandk,async_propulate_abc,174.69225592854656,0.1130292824642962,0.080140172199162,0.1231578604294351
gandk,async_propulate_abc,182.28508552720274,0.1130292824642962,0.080140172199162,0.1231578604294351
gandk,async_propulate_abc,189.87791512585892,0.080140172199162,0.0676450940726674,0.1130292824642962
gandk,async_propulate_abc,197.4707447245151,0.080140172199162,0.0676450940726674,0.1130292824642962
gandk,async_propulate_abc,205.0635743231713,0.080140172199162,0.0676450940726674,0.1130292824642962
gandk,async_propulate_abc,212.6564039218275,0.080140172199162,0.0676450940726674,0.1130292824642962
gandk,async_propulate_abc,220.24923352048367,0.080140172199162,0.0676450940726674,0.1130292824642962
gandk,async_propulate_abc,227.84206311913985,0.0724437951991039,0.0676450940726674,0.080140172199162
gandk,async_propulate_abc,235.43489271779603,0.0724437951991039,0.0676450940726674,0.0840491317281476
gandk,async_propulate_abc,243.0277223164522,0.0809812632029267,0.0724437951991039,0.0840491317281476
gandk,async_propulate_abc,250.6205519151084,0.0809812632029267,0.0724437951991039,0.0840491317281476
gandk,async_propulate_abc,258.2133815137646,0.0809812632029267,0.0724437951991039,0.0840491317281476
gandk,async_propulate_abc,265.8062111124208,0.0809812632029267,0.0724437951991039,0.0840491317281476
gandk,async_propulate_abc,273.39904071107696,0.0809812632029267,0.0724437951991039,0.0840491317281476
gandk,async_propulate_abc,280.99187030973314,0.0809812632029267,0.0724437951991039,0.0840491317281476
gandk,async_propulate_abc,288.5846999083893,0.0809812632029267,0.0724437951991039,0.0840491317281476
gandk,async_propulate_abc,296.1775295070455,0.0809812632029267,0.0724437951991039,0.0840491317281476
gandk,async_propulate_abc,303.7703591057017,0.0809812632029267,0.0724437951991039,0.0840491317281476
gandk,async_propulate_abc,311.36318870435787,0.0719153207525635,0.0684081847738352,0.0809812632029267
gandk,async_propulate_abc,318.95601830301405,0.0719153207525635,0.0684081847738352,0.0770574038548922
gandk,async_propulate_abc,326.54884790167023,0.0719153207525635,0.0684081847738352,0.0770574038548922
gandk,async_propulate_abc,334.1416775003264,0.0719153207525635,0.0693845701586269,0.0770574038548922
gandk,async_propulate_abc,341.7345070989826,0.0719153207525635,0.0693845701586269,0.0770574038548922
gandk,async_propulate_abc,349.32733669763877,0.0719153207525635,0.0693845701586269,0.0770574038548922
gandk,async_propulate_abc,356.92016629629495,0.0719153207525635,0.0693845701586269,0.0770574038548922
gandk,async_propulate_abc,364.51299589495113,0.0719153207525635,0.0693845701586269,0.0770574038548922
gandk,async_propulate_abc,372.1058254936073,0.0719153207525635,0.0693845701586269,0.0770574038548922
gandk,async_propulate_abc,379.6986550922635,0.0719153207525635,0.0693845701586269,0.0770574038548922
gandk,async_propulate_abc,387.2914846909197,0.0718219785590028,0.0693845701586269,0.0765318942538455
gandk,async_propulate_abc,394.88431428957585,0.0718219785590028,0.0693845701586269,0.0765318942538455
gandk,async_propulate_abc,402.47714388823204,0.0752000732081571,0.0718219785590028,0.0765318942538455
gandk,async_propulate_abc,410.0699734868883,0.0752000732081571,0.0718219785590028,0.0765318942538455
gandk,async_propulate_abc,417.66280308554445,0.0752000732081571,0.0718219785590028,0.0765318942538455
gandk,async_propulate_abc,425.25563268420063,0.0752000732081571,0.0718219785590028,0.0765318942538455
gandk,async_propulate_abc,432.8484622828568,0.0752000732081571,0.0718219785590028,0.0765318942538455
gandk,async_propulate_abc,440.441291881513,0.0752000732081571,0.0718219785590028,0.0765318942538455
gandk,async_propulate_abc,448.0341214801692,0.0752000732081571,0.0718219785590028,0.0765318942538455
gandk,async_propulate_abc,455.62695107882536,0.0752000732081571,0.0718219785590028,0.0765318942538455
gandk,async_propulate_abc,463.21978067748154,0.0759808144241534,0.0752000732081571,0.0793421957221036
gandk,async_propulate_abc,470.8126102761377,0.0759808144241534,0.0710074109400757,0.0793421957221036
gandk,async_propulate_abc,478.4054398747939,0.0759808144241534,0.0710074109400757,0.0793421957221036
gandk,async_propulate_abc,485.9982694734501,0.0759808144241534,0.0710074109400757,0.0793421957221036
gandk,async_propulate_abc,493.59109907210626,0.0759808144241534,0.0710074109400757,0.0793421957221036
gandk,async_propulate_abc,501.18392867076244,0.0759808144241534,0.0710074109400757,0.0793421957221036
gandk,async_propulate_abc,508.7767582694186,0.0759808144241534,0.0710074109400757,0.0793421957221036
gandk,async_propulate_abc,516.3695878680749,0.0759808144241534,0.0710074109400757,0.0793421957221036
gandk,async_propulate_abc,523.962417466731,0.0759808144241534,0.0710074109400757,0.0793421957221036
gandk,async_propulate_abc,531.5552470653872,0.0772994187120703,0.0732642352985817,0.0798458642796147
gandk,async_propulate_abc,539.1480766640434,0.0772994187120703,0.0732642352985817,0.0798458642796147
gandk,async_propulate_abc,546.7409062626996,0.0772994187120703,0.0732642352985817,0.0798458642796147
gandk,async_propulate_abc,554.3337358613558,0.0772994187120703,0.0732642352985817,0.0798458642796147
gandk,async_propulate_abc,561.926565460012,0.0772994187120703,0.0732642352985817,0.0798458642796147
gandk,async_propulate_abc,569.5193950586681,0.0772994187120703,0.0732642352985817,0.0798458642796147
gandk,async_propulate_abc,577.1122246573243,0.0772994187120703,0.0732642352985817,0.0798458642796147
gandk,async_propulate_abc,584.7050542559805,0.0772994187120703,0.0732642352985817,0.0798458642796147
gandk,async_propulate_abc,592.2978838546367,0.0772994187120703,0.0732642352985817,0.0798458642796147
gandk,async_propulate_abc,599.8907134532928,0.0857060607140527,0.0731966678420989,0.0907515981192289
gandk,abc_smc_baseline,0.0571751594543457,,,
gandk,abc_smc_baseline,7.650004758110529,0.42725751272341594,0.3749948536344675,0.47952017181236434
gandk,abc_smc_baseline,15.242834356766712,0.2368072121410051,0.1778430600781627,0.3842950215211589
gandk,abc_smc_baseline,22.835663955422895,0.2053190869033149,0.1329259488470997,0.3685509589023138
gandk,abc_smc_baseline,30.42849355407908,0.0832690843998282,0.0741876980712484,0.1068812410484882
gandk,abc_smc_baseline,38.02132315273526,0.0832690843998282,0.0741876980712484,0.1094088461075866
gandk,abc_smc_baseline,45.614152751391444,0.0762118089033707,0.0741876980712484,0.0832690843998282
gandk,abc_smc_baseline,53.20698235004763,0.0762118089033707,0.0741876980712484,0.0832690843998282
gandk,abc_smc_baseline,60.79981194870381,0.0832690843998282,0.0762118089033707,0.1094088461075866
gandk,abc_smc_baseline,68.39264154736,0.0832690843998282,0.0762118089033707,0.1094088461075866
gandk,abc_smc_baseline,75.98547114601618,0.0832690843998282,0.0762118089033707,0.1094088461075866
gandk,abc_smc_baseline,83.57830074467236,0.0832690843998282,0.0694459316556135,0.1094088461075866
gandk,abc_smc_baseline,91.17113034332854,0.0832690843998282,0.0694459316556135,0.1094088461075866
gandk,abc_smc_baseline,98.76395994198472,0.0832690843998282,0.0694459316556135,0.1094088461075866
gandk,abc_smc_baseline,106.35678954064092,0.0832690843998282,0.0694459316556135,0.1094088461075866
gandk,abc_smc_baseline,113.9496191392971,0.1094088461075866,0.0832690843998282,0.2032383008894244
gandk,abc_smc_baseline,121.54244873795328,0.099549411901828,0.0832690843998282,0.1094088461075866
gandk,abc_smc_baseline,129.13527833660947,0.0832690843998282,0.0638869190502843,0.099549411901828
gandk,abc_smc_baseline,136.72810793526565,0.0832690843998282,0.0638869190502843,0.099549411901828
gandk,abc_smc_baseline,144.32093753392184,0.0832690843998282,0.0638869190502843,0.099549411901828
gandk,abc_smc_baseline,151.91376713257802,0.0832690843998282,0.0638869190502843,0.099549411901828
gandk,abc_smc_baseline,159.5065967312342,0.0832690843998282,0.0638869190502843,0.099549411901828
gandk,abc_smc_baseline,167.09942632989038,0.0940862006393639,0.0832690843998282,0.099549411901828
gandk,abc_smc_baseline,174.69225592854656,0.0940862006393639,0.0832690843998282,0.099549411901828
gandk,abc_smc_baseline,182.28508552720274,0.09057997803163,0.0832690843998282,0.0940862006393639
gandk,abc_smc_baseline,189.87791512585892,0.0832690843998282,0.0638869190502843,0.09057997803163
gandk,abc_smc_baseline,197.4707447245151,0.0832690843998282,0.0638869190502843,0.09057997803163
gandk,abc_smc_baseline,205.0635743231713,0.0832690843998282,0.0638869190502843,0.09057997803163
gandk,abc_smc_baseline,212.6564039218275,0.0832690843998282,0.0638869190502843,0.09057997803163
gandk,abc_smc_baseline,220.24923352048367,0.0832690843998282,0.0674807711333253,0.09057997803163
gandk,abc_smc_baseline,227.84206311913985,0.0832690843998282,0.0674807711333253,0.09057997803163
gandk,abc_smc_baseline,235.43489271779603,0.0832690843998282,0.0674807711333253,0.09057997803163
gandk,abc_smc_baseline,243.0277223164522,0.0852133029988611,0.0674807711333253,0.09057997803163
gandk,abc_smc_baseline,250.6205519151084,0.0852133029988611,0.0674807711333253,0.09057997803163
gandk,abc_smc_baseline,258.2133815137646,0.0852133029988611,0.0674807711333253,0.09057997803163
gandk,abc_smc_baseline,265.8062111124208,0.0852133029988611,0.0685841624172647,0.09057997803163
gandk,abc_smc_baseline,273.39904071107696,0.0852133029988611,0.0685841624172647,0.09057997803163
gandk,abc_smc_baseline,280.99187030973314,0.0852133029988611,0.0685841624172647,0.09057997803163
gandk,abc_smc_baseline,288.5846999083893,0.0852133029988611,0.0685841624172647,0.09057997803163
gandk,abc_smc_baseline,296.1775295070455,0.0852133029988611,0.0685841624172647,0.09057997803163
gandk,abc_smc_baseline,303.7703591057017,0.0848007075767155,0.0685841624172647,0.0852133029988611
gandk,abc_smc_baseline,311.36318870435787,0.0848007075767155,0.0685841624172647,0.0852133029988611
gandk,abc_smc_baseline,318.95601830301405,0.0848007075767155,0.0685841624172647,0.0852133029988611
gandk,abc_smc_baseline,326.54884790167023,0.0848007075767155,0.0685841624172647,0.0852133029988611
gandk,abc_smc_baseline,334.1416775003264,0.0848007075767155,0.0685841624172647,0.0852133029988611
gandk,abc_smc_baseline,341.7345070989826,0.0848007075767155,0.0685841624172647,0.0852133029988611
gandk,abc_smc_baseline,349.32733669763877,0.0685841624172647,0.0638869190502843,0.0940862006393639
gandk,abc_smc_baseline,356.92016629629495,0.0685841624172647,0.0638869190502843,0.0940862006393639
gandk,abc_smc_baseline,364.51299589495113,0.0685841624172647,0.0638869190502843,0.0940862006393639
gandk,abc_smc_baseline,372.1058254936073,0.0685841624172647,0.0638869190502843,0.0940862006393639
gandk,abc_smc_baseline,379.6986550922635,0.0685841624172647,0.0638869190502843,0.0940862006393639
gandk,abc_smc_baseline,387.2914846909197,0.0685841624172647,0.0638869190502843,0.0940862006393639
gandk,abc_smc_baseline,394.88431428957585,0.0685841624172647,0.0638869190502843,0.0940862006393639
gandk,abc_smc_baseline,402.47714388823204,0.0685841624172647,0.0638869190502843,0.0940862006393639
gandk,abc_smc_baseline,410.0699734868883,0.0733417616815138,0.0638869190502843,0.0940862006393639
gandk,abc_smc_baseline,417.66280308554445,0.0733417616815138,0.0638869190502843,0.0940862006393639
gandk,abc_smc_baseline,425.25563268420063,0.0733417616815138,0.0638869190502843,0.0940862006393639
gandk,abc_smc_baseline,432.8484622828568,0.0733417616815138,0.0638869190502843,0.0940862006393639
gandk,abc_smc_baseline,440.441291881513,0.0733417616815138,0.0638869190502843,0.0940862006393639
gandk,abc_smc_baseline,448.0341214801692,0.0733417616815138,0.0638869190502843,0.085464186647998
gandk,abc_smc_baseline,455.62695107882536,0.0733417616815138,0.0638869190502843,0.085464186647998
gandk,abc_smc_baseline,463.21978067748154,0.0733417616815138,0.0638869190502843,0.085464186647998
gandk,abc_smc_baseline,470.8126102761377,0.0733417616815138,0.0638869190502843,0.085464186647998
gandk,abc_smc_baseline,478.4054398747939,0.0733417616815138,0.0638869190502843,0.085464186647998
gandk,abc_smc_baseline,485.9982694734501,0.0733417616815138,0.0638869190502843,0.085464186647998
gandk,abc_smc_baseline,493.59109907210626,0.0733417616815138,0.0638869190502843,0.085464186647998
gandk,abc_smc_baseline,501.18392867076244,0.0733417616815138,0.0638869190502843,0.085464186647998
gandk,abc_smc_baseline,508.7767582694186,0.0733417616815138,0.0638869190502843,0.085464186647998
gandk,abc_smc_baseline,516.3695878680749,0.0733417616815138,0.0638869190502843,0.085464186647998
gandk,abc_smc_baseline,523.962417466731,0.0845007899599265,0.0638869190502843,0.085464186647998
gandk,abc_smc_baseline,531.5552470653872,0.0845007899599265,0.0638869190502843,0.085464186647998
gandk,abc_smc_baseline,539.1480766640434,0.0845007899599265,0.0638869190502843,0.085464186647998
gandk,abc_smc_baseline,546.7409062626996,0.0845007899599265,0.0638869190502843,0.085464186647998
gandk,abc_smc_baseline,554.3337358613558,0.0845007899599265,0.0638869190502843,0.085464186647998
gandk,abc_smc_baseline,561.926565460012,0.0845007899599265,0.0638869190502843,0.085464186647998
gandk,abc_smc_baseline,569.5193950586681,0.0845007899599265,0.0638869190502843,0.085464186647998
gandk,abc_smc_baseline,577.1122246573243,0.0845007899599265,0.0638869190502843,0.085464186647998
gandk,abc_smc_baseline,584.7050542559805,0.0845007899599265,0.0638869190502843,0.085464186647998
gandk,abc_smc_baseline,592.2978838546367,0.0845007899599265,0.0638869190502843,0.085464186647998
gandk,abc_smc_baseline,599.8907134532928,0.0742577287046522,0.0696768973534434,0.0845007899599265
lotka_volterra,async_propulate_abc,0.6264543533325195,,,
lotka_volterra,async_propulate_abc,8.205155614056164,0.5783177337046349,0.4966691876694116,0.64938585137548
lotka_volterra,async_propulate_abc,15.78385687477981,0.5783177337046349,0.4966691876694116,0.64938585137548
lotka_volterra,async_propulate_abc,23.362558135503456,0.5783177337046349,0.4966691876694116,0.64938585137548
lotka_volterra,async_propulate_abc,30.9412593962271,0.5783177337046349,0.4966691876694116,0.64938585137548
lotka_volterra,async_propulate_abc,38.519960656950744,0.5783177337046349,0.4966691876694116,0.64938585137548
lotka_volterra,async_propulate_abc,46.09866191767439,0.5783177337046349,0.4966691876694116,0.64938585137548
lotka_volterra,async_propulate_abc,53.67736317839803,0.5783177337046349,0.4966691876694116,0.64938585137548
lotka_volterra,async_propulate_abc,61.25606443912168,0.5783177337046349,0.4966691876694116,0.64938585137548
lotka_volterra,async_propulate_abc,68.83476569984532,0.5783177337046349,0.4966691876694116,0.64938585137548
lotka_volterra,async_propulate_abc,76.41346696056897,0.5783177337046349,0.4966691876694116,0.64938585137548
lotka_volterra,async_propulate_abc,83.99216822129262,0.5783177337046349,0.4966691876694116,0.64938585137548
lotka_volterra,async_propulate_abc,91.57086948201626,0.5783177337046349,0.4966691876694116,0.64938585137548
lotka_volterra,async_propulate_abc,99.14957074273991,0.5783177337046349,0.4966691876694116,0.64938585137548
lotka_volterra,async_propulate_abc,106.72827200346354,0.5783177337046349,0.4966691876694116,0.64938585137548
lotka_volterra,async_propulate_abc,114.30697326418719,0.5783177337046349,0.4966691876694116,0.64938585137548
lotka_volterra,async_propulate_abc,121.88567452491084,0.5783177337046349,0.4966691876694116,0.64938585137548
lotka_volterra,async_propulate_abc,129.46437578563447,0.5783177337046349,0.4966691876694116,0.64938585137548
lotka_volterra,async_propulate_abc,137.04307704635812,0.5783177337046349,0.4966691876694116,0.64938585137548
lotka_volterra,async_propulate_abc,144.62177830708177,0.5783177337046349,0.4966691876694116,0.64938585137548
lotka_volterra,async_propulate_abc,152.20047956780542,0.5783177337046349,0.4966691876694116,0.64938585137548
lotka_volterra,async_propulate_abc,159.77918082852906,0.5783177337046349,0.4966691876694116,0.64938585137548
lotka_volterra,async_propulate_abc,167.3578820892527,0.3178233116887454,0.2809316173489094,0.374064328376875
lotka_volterra,async_propulate_abc,174.93658334997636,0.3178233116887454,0.2809316173489094,0.374064328376875
lotka_volterra,async_propulate_abc,182.5152846107,0.3178233116887454,0.2809316173489094,0.374064328376875
lotka_volterra,async_propulate_abc,190.09398587142365,0.3163075532668583,0.2809316173489094,0.3178233116887454
lotka_volterra,async_propulate_abc,197.6726871321473,0.3163075532668583,0.2809316173489094,0.3178233116887454
lotka_volterra,async_propulate_abc,205.25138839287092,0.3163075532668583,0.2809316173489094,0.3178233116887454
lotka_volterra,async_propulate_abc,212.83008965359457,0.3163075532668583,0.2809316173489094,0.3178233116887454
lotka_volterra,async_propulate_abc,220.40879091431822,0.3163075532668583,0.2809316173489094,0.3178233116887454
lotka_volterra,async_propulate_abc,227.98749217504187,0.3163075532668583,0.2809316173489094,0.3178233116887454
lotka_volterra,async_propulate_abc,235.5661934357655,0.3163075532668583,0.2809316173489094,0.3178233116887454
lotka_volterra,async_propulate_abc,243.14489469648916,0.3178233116887454,0.3163075532668583,0.374064328376875
lotka_volterra,async_propulate_abc,250.7235959572128,0.3178233116887454,0.3163075532668583,0.374064328376875
lotka_volterra,async_propulate_abc,258.3022972179364,0.3129939173669289,0.3084893149333255,0.3163075532668583
lotka_volterra,async_propulate_abc,265.8809984786601,0.3163075532668583,0.3129939173669289,0.3316653478336998
lotka_volterra,async_propulate_abc,273.4596997393837,0.3163075532668583,0.3129939173669289,0.3316653478336998
lotka_volterra,async_propulate_abc,281.0384010001074,0.3163075532668583,0.3129939173669289,0.3316653478336998
lotka_volterra,async_propulate_abc,288.617102260831,0.3129939173669289,0.3084893149333255,0.3316653478336998
lotka_volterra,async_propulate_abc,296.1958035215547,0.3129939173669289,0.3084893149333255,0.3316653478336998
lotka_volterra,async_propulate_abc,303.7745047822783,0.3129939173669289,0.3084893149333255,0.3316653478336998
lotka_volterra,async_propulate_abc,311.353206043002,0.3129939173669289,0.3084893149333255,0.3316653478336998
lotka_volterra,async_propulate_abc,318.9319073037256,0.3129939173669289,0.3084893149333255,0.3316653478336998
lotka_volterra,async_propulate_abc,326.5106085644492,0.3129939173669289,0.3084893149333255,0.3316653478336998
lotka_volterra,async_propulate_abc,334.0893098251729,0.3129939173669289,0.3084893149333255,0.3593811603931634
lotka_volterra,async_propulate_abc,341.6680110858965,0.3340427363016326,0.3141688984154671,0.3593811603931634
lotka_volterra,async_propulate_abc,349.2467123466202,0.3340427363016326,0.3141688984154671,0.3593811603931634
lotka_volterra,async_propulate_abc,356.8254136073438,0.3340427363016326,0.3141688984154671,0.3593811603931634
lotka_volterra,async_propulate_abc,364.4041148680675,0.3340427363016326,0.3141688984154671,0.3593811603931634
lotka_volterra,async_propulate_abc,371.9828161287911,0.3340427363016326,0.3141688984154671,0.3593811603931634
lotka_volterra,async_propulate_abc,379.5615173895148,0.3340427363016326,0.3141688984154671,0.3593811603931634
lotka_volterra,async_propulate_abc,387.1402186502384,0.3340427363016326,0.3141688984154671,0.3593811603931634
lotka_volterra,async_propulate_abc,394.7189199109621,0.3340427363016326,0.3141688984154671,0.3593811603931634
lotka_volterra,async_propulate_abc,402.2976211716857,0.3340427363016326,0.3141688984154671,0.3598339072069949
lotka_volterra,async_propulate_abc,409.8763224324093,0.3340427363016326,0.3133256048670054,0.3598339072069949
lotka_volterra,async_propulate_abc,417.455023693133,0.3443396748104158,0.3133256048670054,0.3598339072069949
lotka_volterra,async_propulate_abc,425.0337249538566,0.3443396748104158,0.3133256048670054,0.3598339072069949
lotka_volterra,async_propulate_abc,432.6124262145803,0.3443396748104158,0.3133256048670054,0.352281556173574
lotka_volterra,async_propulate_abc,440.1911274753039,0.3443396748104158,0.3133256048670054,0.352281556173574
lotka_volterra,async_propulate_abc,447.7698287360276,0.3443396748104158,0.3133256048670054,0.352281556173574
lotka_volterra,async_propulate_abc,455.3485299967512,0.3443396748104158,0.3133256048670054,0.352281556173574
lotka_volterra,async_propulate_abc,462.9272312574749,0.3443396748104158,0.3133256048670054,0.352281556173574
lotka_volterra,async_propulate_abc,470.5059325181985,0.3443396748104158,0.3147552941662975,0.352281556173574
lotka_volterra,async_propulate_abc,478.0846337789222,0.3377755454726261,0.3147552941662975,0.352281556173574
lotka_volterra,async_propulate_abc,485.6633350396458,0.3377755454726261,0.3147552941662975,0.3495617096005544
lotka_volterra,async_propulate_abc,493.2420363003694,0.3377755454726261,0.3147552941662975,0.3495617096005544
lotka_volterra,async_propulate_abc,500.8207375610931,0.3377755454726261,0.3147552941662975,0.3495617096005544
lotka_volterra,async_propulate_abc,508.3994388218167,0.3377755454726261,0.3147552941662975,0.3495617096005544
lotka_volterra,async_propulate_abc,515.9781400825403,0.3377755454726261,0.3147552941662975,0.3495617096005544
lotka_volterra,async_propulate_abc,523.5568413432641,0.3377755454726261,0.3147552941662975,0.3495617096005544
lotka_volterra,async_propulate_abc,531.1355426039877,0.3377755454726261,0.3147552941662975,0.3495617096005544
lotka_volterra,async_propulate_abc,538.7142438647113,0.3360030064373157,0.3137696834711421,0.3533071369928804
lotka_volterra,async_propulate_abc,546.2929451254349,0.3360030064373157,0.3137696834711421,0.3533071369928804
lotka_volterra,async_propulate_abc,553.8716463861587,0.3360030064373157,0.3137696834711421,0.3533071369928804
lotka_volterra,async_propulate_abc,561.4503476468823,0.3360030064373157,0.3137696834711421,0.3533071369928804
lotka_volterra,async_propulate_abc,569.0290489076059,0.3360030064373157,0.3137696834711421,0.3533071369928804
lotka_volterra,async_propulate_abc,576.6077501683295,0.3360030064373157,0.3137696834711421,0.3533071369928804
lotka_volterra,async_propulate_abc,584.1864514290531,0.3360030064373157,0.3137696834711421,0.3533071369928804
lotka_volterra,async_propulate_abc,591.7651526897769,0.3360030064373157,0.3137696834711421,0.3533071369928804
lotka_volterra,async_propulate_abc,599.3438539505005,0.3073148568295565,0.3053912567235657,0.3360030064373157
lotka_volterra,abc_smc_baseline,0.6264543533325195,0.7408294378579174,0.7408294378579174,0.7408294378579174
lotka_volterra,abc_smc_baseline,8.205155614056164,0.27031749346223277,0.14010003733810783,0.4005349495863577
lotka_volterra,abc_smc_baseline,15.78385687477981,0.5939515265464972,0.5623519661284899,0.6255510869645043
lotka_volterra,abc_smc_baseline,23.362558135503456,0.5119425498524861,0.30013419867505825,0.7237509010299139
lotka_volterra,abc_smc_baseline,30.9412593962271,0.6384835060685288,0.48994563299912225,0.7870213791379352
lotka_volterra,abc_smc_baseline,38.519960656950744,0.5022021377878976,0.4218049488588067,0.5825993267169886
lotka_volterra,abc_smc_baseline,46.09866191767439,0.6615829640368136,0.6608761882321808,0.6622897398414466
lotka_volterra,abc_smc_baseline,53.67736317839803,0.6632052211343151,0.6616873167809314,0.6647231254876987
lotka_volterra,abc_smc_baseline,61.25606443912168,0.6632052211343151,0.6616873167809314,0.6647231254876987
lotka_volterra,abc_smc_baseline,68.83476569984532,0.6632052211343151,0.6616873167809314,0.6647231254876987
lotka_volterra,abc_smc_baseline,76.41346696056897,0.28010020270546954,0.254872274796824,0.30532813061411507
lotka_volterra,abc_smc_baseline,83.99216822129262,0.28010020270546954,0.254872274796824,0.30532813061411507
lotka_volterra,abc_smc_baseline,91.57086948201626,0.28010020270546954,0.254872274796824,0.30532813061411507
lotka_volterra,abc_smc_baseline,99.14957074273991,0.28010020270546954,0.254872274796824,0.30532813061411507
lotka_volterra,abc_smc_baseline,106.72827200346354,0.28010020270546954,0.254872274796824,0.30532813061411507
lotka_volterra,abc_smc_baseline,114.30697326418719,0.2296443468881785,0.16104292459962144,0.28010020270546954
lotka_volterra,abc_smc_baseline,121.88567452491084,0.2391671435365494,0.23440574521236396,0.28486160102965496
lotka_volterra,abc_smc_baseline,129.46437578563447,0.2391671435365494,0.23440574521236396,0.28486160102965496
lotka_volterra,abc_smc_baseline,137.04307704635812,0.2296443468881785,0.22301903488512198,0.48695446885961363
lotka_volterra,abc_smc_baseline,144.62177830708177,0.2296443468881785,0.22301903488512198,0.48695446885961363
lotka_volterra,abc_smc_baseline,152.20047956780542,0.2296443468881785,0.22301903488512198,0.48695446885961363
lotka_volterra,abc_smc_baseline,159.77918082852906,0.640078910350393,0.4742845417366705,0.6921717505907209
lotka_volterra,abc_smc_baseline,167.3578820892527,0.640078910350393,0.4742845417366705,0.6921717505907209
lotka_volterra,abc_smc_baseline,174.93658334997636,0.640078910350393,0.4742845417366705,0.6921717505907209
lotka_volterra,abc_smc_baseline,182.5152846107,0.640078910350393,0.4742845417366705,0.6921717505907209
lotka_volterra,abc_smc_baseline,190.09398587142365,0.640078910350393,0.4742845417366705,0.6921717505907209
lotka_volterra,abc_smc_baseline,197.6726871321473,0.640078910350393,0.4742845417366705,0.6921717505907209
lotka_volterra,abc_smc_baseline,205.25138839287092,0.640078910350393,0.4742845417366705,0.6921717505907209
lotka_volterra,abc_smc_baseline,212.83008965359457,0.640078910350393,0.4742845417366705,0.6921717505907209
lotka_volterra,abc_smc_baseline,220.40879091431822,0.640078910350393,0.4742845417366705,0.6921717505907209
lotka_volterra,abc_smc_baseline,227.98749217504187,0.640078910350393,0.4742845417366705,0.6921717505907209
lotka_volterra,abc_smc_baseline,235.5661934357655,0.550359701207356,0.4226029123289763,0.666125330470557
lotka_volterra,abc_smc_baseline,243.14489469648916,0.550359701207356,0.4226029123289763,0.666125330470557
lotka_volterra,abc_smc_baseline,250.7235959572128,0.550359701207356,0.4226029123289763,0.666125330470557
lotka_volterra,abc_smc_baseline,258.3022972179364,0.542947109020385,0.4114840240485198,0.666125330470557
lotka_volterra,abc_smc_baseline,265.8809984786601,0.542947109020385,0.4114840240485198,0.666125330470557
lotka_volterra,abc_smc_baseline,273.4596997393837,0.542947109020385,0.4114840240485198,0.666125330470557
lotka_volterra,abc_smc_baseline,281.0384010001074,0.542947109020385,0.4114840240485198,0.666125330470557
lotka_volterra,abc_smc_baseline,288.617102260831,0.4742845417366705,0.2927586135345963,0.666125330470557
lotka_volterra,abc_smc_baseline,296.1958035215547,0.4742845417366705,0.2927586135345963,0.666125330470557
lotka_volterra,abc_smc_baseline,303.7745047822783,0.4742845417366705,0.2927586135345963,0.666125330470557
lotka_volterra,abc_smc_baseline,311.353206043002,0.4742845417366705,0.2927586135345963,0.666125330470557
lotka_volterra,abc_smc_baseline,318.9319073037256,0.4742845417366705,0.2927586135345963,0.666125330470557
lotka_volterra,abc_smc_baseline,326.5106085644492,0.4742845417366705,0.2927586135345963,0.666125330470557
lotka_volterra,abc_smc_baseline,334.0893098251729,0.4742845417366705,0.2927586135345963,0.666125330470557
lotka_volterra,abc_smc_baseline,341.6680110858965,0.4742845417366705,0.2927586135345963,0.666125330470557
lotka_volterra,abc_smc_baseline,349.2467123466202,0.49412663063091594,0.32252174687596447,0.666125330470557
lotka_volterra,abc_smc_baseline,356.8254136073438,0.49412663063091594,0.32252174687596447,0.666125330470557
lotka_volterra,abc_smc_baseline,364.4041148680675,0.49412663063091594,0.32252174687596447,0.666125330470557
lotka_volterra,abc_smc_baseline,371.9828161287911,0.49412663063091594,0.32252174687596447,0.666125330470557
lotka_volterra,abc_smc_baseline,379.5615173895148,0.49412663063091594,0.32252174687596447,0.666125330470557
lotka_volterra,abc_smc_baseline,387.1402186502384,0.44282142255996704,0.2234718857996683,0.666125330470557
lotka_volterra,abc_smc_baseline,394.7189199109621,0.44282142255996704,0.2234718857996683,0.666125330470557
lotka_volterra,abc_smc_baseline,402.2976211716857,0.44282142255996704,0.2234718857996683,0.666125330470557
lotka_volterra,abc_smc_baseline,409.8763224324093,0.44282142255996704,0.2234718857996683,0.666125330470557
lotka_volterra,abc_smc_baseline,417.455023693133,0.2455639347695411,0.1908403305073932,0.640078910350393
lotka_volterra,abc_smc_baseline,425.0337249538566,0.2455639347695411,0.1908403305073932,0.640078910350393
lotka_volterra,abc_smc_baseline,432.6124262145803,0.2455639347695411,0.1908403305073932,0.640078910350393
lotka_volterra,abc_smc_baseline,440.1911274753039,0.2455639347695411,0.1908403305073932,0.640078910350393
lotka_volterra,abc_smc_baseline,447.7698287360276,0.2455639347695411,0.1908403305073932,0.640078910350393
lotka_volterra,abc_smc_baseline,455.3485299967512,0.2455639347695411,0.1908403305073932,0.640078910350393
lotka_volterra,abc_smc_baseline,462.9272312574749,0.2455639347695411,0.1908403305073932,0.2516574217588546
lotka_volterra,abc_smc_baseline,470.5059325181985,0.2516574217588546,0.2455639347695411,0.3228956353529146
lotka_volterra,abc_smc_baseline,478.0846337789222,0.2516574217588546,0.2455639347695411,0.3228956353529146
lotka_volterra,abc_smc_baseline,485.6633350396458,0.2516574217588546,0.2455639347695411,0.3228956353529146
lotka_volterra,abc_smc_baseline,493.2420363003694,0.2516574217588546,0.2455639347695411,0.3228956353529146
lotka_volterra,abc_smc_baseline,500.8207375610931,0.2516574217588546,0.2455639347695411,0.3228956353529146
lotka_volterra,abc_smc_baseline,508.3994388218167,0.2516574217588546,0.2455639347695411,0.3228956353529146
lotka_volterra,abc_smc_baseline,515.9781400825403,0.2516574217588546,0.2455639347695411,0.3228956353529146
lotka_volterra,abc_smc_baseline,523.5568413432641,0.2516574217588546,0.2455639347695411,0.3050093780566358
lotka_volterra,abc_smc_baseline,531.1355426039877,0.2516574217588546,0.2455639347695411,0.3050093780566358
lotka_volterra,abc_smc_baseline,538.7142438647113,0.2516574217588546,0.2455639347695411,0.3050093780566358
lotka_volterra,abc_smc_baseline,546.2929451254349,0.2516574217588546,0.2455639347695411,0.3050093780566358
lotka_volterra,abc_smc_baseline,553.8716463861587,0.2516574217588546,0.2455639347695411,0.3050093780566358
lotka_volterra,abc_smc_baseline,561.4503476468823,0.2516574217588546,0.2455639347695411,0.3050093780566358
lotka_volterra,abc_smc_baseline,569.0290489076059,0.3050093780566358,0.2516574217588546,0.3631443745797367
lotka_volterra,abc_smc_baseline,576.6077501683295,0.3050093780566358,0.2516574217588546,0.3631443745797367
lotka_volterra,abc_smc_baseline,584.1864514290531,0.3050093780566358,0.2516574217588546,0.3631443745797367
lotka_volterra,abc_smc_baseline,591.7651526897769,0.3461917632216331,0.2516574217588546,0.3631443745797367
lotka_volterra,abc_smc_baseline,599.3438539505005,0.3461917632216331,0.2516574217588546,0.3631443745797367
cellular_potts,async_propulate_abc,2.9715187549591064,0.368762347146272,0.368762347146272,0.368762347146272
cellular_potts,async_propulate_abc,15.803420824340627,0.4192018279321698,0.368762347146272,0.4734122309016488
cellular_potts,async_propulate_abc,28.635322893722147,0.4192018279321698,0.368762347146272,0.4734122309016488
cellular_potts,async_propulate_abc,41.46722496310367,0.4192018279321698,0.368762347146272,0.4734122309016488
cellular_potts,async_propulate_abc,54.29912703248519,0.4192018279321698,0.368762347146272,0.4734122309016488
cellular_potts,async_propulate_abc,67.13102910186672,0.4192018279321698,0.368762347146272,0.4734122309016488
cellular_potts,async_propulate_abc,79.96293117124823,0.4192018279321698,0.368762347146272,0.4734122309016488
cellular_potts,async_propulate_abc,92.79483324062974,0.4192018279321698,0.368762347146272,0.4734122309016488
cellular_potts,async_propulate_abc,105.62673531001127,0.4192018279321698,0.368762347146272,0.4734122309016488
cellular_potts,async_propulate_abc,118.4586373793928,0.4192018279321698,0.368762347146272,0.4734122309016488
cellular_potts,async_propulate_abc,131.29053944877433,0.4192018279321698,0.368762347146272,0.4734122309016488
cellular_potts,async_propulate_abc,144.12244151815582,0.4744466034414202,0.4734122309016488,0.4785454908432069
cellular_potts,async_propulate_abc,156.95434358753735,0.4332342030744344,0.4285538957849646,0.4744466034414202
cellular_potts,async_propulate_abc,169.78624565691888,0.4332342030744344,0.4285538957849646,0.4744466034414202
cellular_potts,async_propulate_abc,182.61814772630038,0.4332342030744344,0.4285538957849646,0.4744466034414202
cellular_potts,async_propulate_abc,195.4500497956819,0.4332342030744344,0.4285538957849646,0.4744466034414202
cellular_potts,async_propulate_abc,208.28195186506343,0.4332342030744344,0.4285538957849646,0.4744466034414202
cellular_potts,async_propulate_abc,221.11385393444496,0.4614331589793097,0.4332342030744344,0.4744466034414202
cellular_potts,async_propulate_abc,233.9457560038265,0.4614331589793097,0.4332342030744344,0.4744466034414202
cellular_potts,async_propulate_abc,246.777658073208,0.4614331589793097,0.4332342030744344,0.4744466034414202
cellular_potts,async_propulate_abc,259.60956014258954,0.4614331589793097,0.4332342030744344,0.4744466034414202
cellular_potts,async_propulate_abc,272.44146221197104,0.4614331589793097,0.4332342030744344,0.4744466034414202
cellular_potts,async_propulate_abc,285.27336428135254,0.4614331589793097,0.4332342030744344,0.4744466034414202
cellular_potts,async_propulate_abc,298.1052663507341,0.4614331589793097,0.4524159971605174,0.48996001283019
cellular_potts,async_propulate_abc,310.9371684201156,0.4614331589793097,0.4524159971605174,0.48996001283019
cellular_potts,async_propulate_abc,323.7690704894971,0.4614331589793097,0.4524159971605174,0.48996001283019
cellular_potts,async_propulate_abc,336.60097255887865,0.4614331589793097,0.4524159971605174,0.48996001283019
cellular_potts,async_propulate_abc,349.43287462826015,0.4614331589793097,0.4524159971605174,0.48996001283019
cellular_potts,async_propulate_abc,362.26477669764165,0.4614331589793097,0.4524159971605174,0.48996001283019
cellular_potts,async_propulate_abc,375.0966787670232,0.4614331589793097,0.4524159971605174,0.48996001283019
cellular_potts,async_propulate_abc,387.9285808364047,0.4614331589793097,0.4524159971605174,0.48996001283019
cellular_potts,async_propulate_abc,400.76048290578626,0.4614331589793097,0.4524159971605174,0.48996001283019
cellular_potts,async_propulate_abc,413.59238497516776,0.4614331589793097,0.4524159971605174,0.48996001283019
cellular_potts,async_propulate_abc,426.42428704454926,0.4614331589793097,0.4524159971605174,0.48996001283019
cellular_potts,async_propulate_abc,439.2561891139308,0.4790067253869418,0.4614331589793097,0.4929242374513817
cellular_potts,async_propulate_abc,452.0880911833123,0.4857834768555215,0.4790067253869418,0.4929242374513817
cellular_potts,async_propulate_abc,464.91999325269387,0.4857834768555215,0.4790067253869418,0.4929242374513817
cellular_potts,async_propulate_abc,477.75189532207537,0.4857834768555215,0.4790067253869418,0.4929242374513817
cellular_potts,async_propulate_abc,490.58379739145687,0.4857834768555215,0.4790067253869418,0.4929242374513817
cellular_potts,async_propulate_abc,503.4156994608384,0.4857834768555215,0.4790067253869418,0.4929242374513817
cellular_potts,async_propulate_abc,516.24760153022,0.4857834768555215,0.4790067253869418,0.4929242374513817
cellular_potts,async_propulate_abc,529.0795035996015,0.4857834768555215,0.4790067253869418,0.4929242374513817
cellular_potts,async_propulate_abc,541.911405668983,0.4857834768555215,0.4790067253869418,0.4929242374513817
cellular_potts,async_propulate_abc,554.7433077383645,0.4857834768555215,0.4790067253869418,0.4929242374513817
cellular_potts,async_propulate_abc,567.575209807746,0.4857834768555215,0.4790067253869418,0.4929242374513817
cellular_potts,async_propulate_abc,580.4071118771275,0.4857834768555215,0.4790067253869418,0.4953228700344663
cellular_potts,async_propulate_abc,593.2390139465091,0.49719847336707,0.4857834768555215,0.5040988878709268
cellular_potts,async_propulate_abc,606.0709160158906,0.49719847336707,0.4857834768555215,0.5040988878709268
cellular_potts,async_propulate_abc,618.9028180852721,0.49719847336707,0.4857834768555215,0.5040988878709268
cellular_potts,async_propulate_abc,631.7347201546536,0.49719847336707,0.4857834768555215,0.5040988878709268
cellular_potts,async_propulate_abc,644.5666222240351,0.49719847336707,0.4857834768555215,0.5040988878709268
cellular_potts,async_propulate_abc,657.3985242934167,0.49719847336707,0.4857834768555215,0.5040988878709268
cellular_potts,async_propulate_abc,670.2304263627982,0.49719847336707,0.4716882472578448,0.5040988878709268
cellular_potts,async_propulate_abc,683.0623284321797,0.49719847336707,0.4716882472578448,0.5040988878709268
cellular_potts,async_propulate_abc,695.8942305015612,0.49719847336707,0.4716882472578448,0.5040988878709268
cellular_potts,async_propulate_abc,708.7261325709427,0.49719847336707,0.4716882472578448,0.5040988878709268
cellular_potts,async_propulate_abc,721.5580346403242,0.49719847336707,0.4716882472578448,0.5040988878709268
cellular_potts,async_propulate_abc,734.3899367097058,0.4902163685984071,0.4716882472578448,0.49729939794736
cellular_potts,async_propulate_abc,747.2218387790873,0.4902163685984071,0.490046100226395,0.49729939794736
cellular_potts,async_propulate_abc,760.0537408484688,0.4902163685984071,0.490046100226395,0.49729939794736
cellular_potts,async_propulate_abc,772.8856429178503,0.4902163685984071,0.490046100226395,0.49729939794736
cellular_potts,async_propulate_abc,785.7175449872318,0.4902163685984071,0.490046100226395,0.49729939794736
cellular_potts,async_propulate_abc,798.5494470566134,0.4902163685984071,0.490046100226395,0.49729939794736
cellular_potts,async_propulate_abc,811.3813491259949,0.4902163685984071,0.490046100226395,0.49729939794736
cellular_potts,async_propulate_abc,824.2132511953764,0.4902163685984071,0.490046100226395,0.49729939794736
cellular_potts,async_propulate_abc,837.0451532647579,0.4902163685984071,0.490046100226395,0.49729939794736
cellular_potts,async_propulate_abc,849.8770553341394,0.4902163685984071,0.490046100226395,0.49729939794736
cellular_potts,async_propulate_abc,862.708957403521,0.4902163685984071,0.490046100226395,0.49729939794736
cellular_potts,async_propulate_abc,875.5408594729025,0.4901401920197111,0.490046100226395,0.4902163685984071
cellular_potts,async_propulate_abc,888.372761542284,0.4901401920197111,0.490046100226395,0.4926936871085788
cellular_potts,async_propulate_abc,901.2046636116655,0.4926936871085788,0.4901401920197111,0.4928209325463157
cellular_potts,async_propulate_abc,914.036565681047,0.4926936871085788,0.4901401920197111,0.4928209325463157
cellular_potts,async_propulate_abc,926.8684677504286,0.4926936871085788,0.4901401920197111,0.4928209325463157
cellular_potts,async_propulate_abc,939.7003698198101,0.4926936871085788,0.4901401920197111,0.4928209325463157
cellular_potts,async_propulate_abc,952.5322718891916,0.4926936871085788,0.4901401920197111,0.4928209325463157
cellular_potts,async_propulate_abc,965.3641739585731,0.4926936871085788,0.4901401920197111,0.4928209325463157
cellular_potts,async_propulate_abc,978.1960760279546,0.4926936871085788,0.4901401920197111,0.4928209325463157
cellular_potts,async_propulate_abc,991.0279780973361,0.4926936871085788,0.4901401920197111,0.4928209325463157
cellular_potts,async_propulate_abc,1003.8598801667177,0.4926936871085788,0.4901401920197111,0.4928209325463157
cellular_potts,async_propulate_abc,1016.6917822360992,0.4880083958009164,0.4874189456122173,0.4898104638098947
cellular_potts,abc_smc_baseline,2.9715187549591064,,,
cellular_potts,abc_smc_baseline,15.803420824340627,0.4841915061069968,0.4822026236691946,0.4872733242299266
cellular_potts,abc_smc_baseline,28.635322893722147,0.4841915061069968,0.4822026236691946,0.4872733242299266
cellular_potts,abc_smc_baseline,41.46722496310367,0.4841915061069968,0.4822026236691946,0.4872733242299266
cellular_potts,abc_smc_baseline,54.29912703248519,0.4841915061069968,0.4679704675541953,0.4872733242299266
cellular_potts,abc_smc_baseline,67.13102910186672,0.4620146948202665,0.4554112484640805,0.4679704675541953
cellular_potts,abc_smc_baseline,79.96293117124823,0.4620146948202665,0.4554112484640805,0.4679704675541953
cellular_potts,abc_smc_baseline,92.79483324062974,0.4620146948202665,0.4554112484640805,0.4679704675541953
cellular_potts,abc_smc_baseline,105.62673531001127,0.4554112484640805,0.4537278118236739,0.4620146948202665
cellular_potts,abc_smc_baseline,118.4586373793928,0.4437557355520362,0.4213510450479337,0.4516991922057877
cellular_potts,abc_smc_baseline,131.29053944877433,0.43756714018951,0.4213510450479337,0.4437557355520362
cellular_potts,abc_smc_baseline,144.12244151815582,0.43756714018951,0.4213510450479337,0.4437557355520362
cellular_potts,abc_smc_baseline,156.95434358753735,0.43756714018951,0.4213510450479337,0.4437557355520362
cellular_potts,abc_smc_baseline,169.78624565691888,0.43756714018951,0.4213510450479337,0.4437557355520362
cellular_potts,abc_smc_baseline,182.61814772630038,0.43756714018951,0.4213510450479337,0.4437557355520362
cellular_potts,abc_smc_baseline,195.4500497956819,0.4213510450479337,0.4020744433545791,0.4248354233946468
cellular_potts,abc_smc_baseline,208.28195186506343,0.4213510450479337,0.4020744433545791,0.4248354233946468
cellular_potts,abc_smc_baseline,221.11385393444496,0.4213510450479337,0.4020744433545791,0.4248354233946468
cellular_potts,abc_smc_baseline,233.9457560038265,0.4248354233946468,0.4020744433545791,0.43756714018951
cellular_potts,abc_smc_baseline,246.777658073208,0.4248354233946468,0.4020744433545791,0.43756714018951
cellular_potts,abc_smc_baseline,259.60956014258954,0.4248354233946468,0.4020744433545791,0.4425016076867042
cellular_potts,abc_smc_baseline,272.44146221197104,0.4248354233946468,0.4020744433545791,0.4425016076867042
cellular_potts,abc_smc_baseline,285.27336428135254,0.4248354233946468,0.4020744433545791,0.4425016076867042
cellular_potts,abc_smc_baseline,298.1052663507341,0.4248354233946468,0.4020744433545791,0.4425016076867042
cellular_potts,abc_smc_baseline,310.9371684201156,0.4248354233946468,0.4020744433545791,0.4425016076867042
cellular_potts,abc_smc_baseline,323.7690704894971,0.4248354233946468,0.4020744433545791,0.4425016076867042
cellular_potts,abc_smc_baseline,336.60097255887865,0.4248354233946468,0.4020744433545791,0.4425016076867042
cellular_potts,abc_smc_baseline,349.43287462826015,0.4020744433545791,0.3980921485673711,0.4264414491236717
cellular_potts,abc_smc_baseline,362.26477669764165,0.4020744433545791,0.3980921485673711,0.4264414491236717
cellular_potts,abc_smc_baseline,375.0966787670232,0.4020744433545791,0.3980921485673711,0.4264414491236717
cellular_potts,abc_smc_baseline,387.9285808364047,0.4264414491236717,0.3980921485673711,0.4406145070197056
cellular_potts,abc_smc_baseline,400.76048290578626,0.4264414491236717,0.3980921485673711,0.4406145070197056
cellular_potts,abc_smc_baseline,413.59238497516776,0.4264414491236717,0.3980921485673711,0.4406145070197056
cellular_potts,abc_smc_baseline,426.42428704454926,0.4264414491236717,0.3980921485673711,0.4406145070197056
cellular_potts,abc_smc_baseline,439.2561891139308,0.4264414491236717,0.3980921485673711,0.4406145070197056
cellular_potts,abc_smc_baseline,452.0880911833123,0.4264414491236717,0.3980921485673711,0.4406145070197056
cellular_potts,abc_smc_baseline,464.91999325269387,0.4264414491236717,0.3980921485673711,0.4406145070197056
cellular_potts,abc_smc_baseline,477.75189532207537,0.4264414491236717,0.3980921485673711,0.4406145070197056
cellular_potts,abc_smc_baseline,490.58379739145687,0.4264414491236717,0.3980921485673711,0.4406145070197056
cellular_potts,abc_smc_baseline,503.4156994608384,0.4264414491236717,0.4240162930683404,0.4406145070197056
cellular_potts,abc_smc_baseline,516.24760153022,0.4264414491236717,0.4240162930683404,0.4406145070197056
cellular_potts,abc_smc_baseline,529.0795035996015,0.4264414491236717,0.4240162930683404,0.4406145070197056
cellular_potts,abc_smc_baseline,541.911405668983,0.4264414491236717,0.4240162930683404,0.4406145070197056
cellular_potts,abc_smc_baseline,554.7433077383645,0.4264414491236717,0.4240162930683404,0.4406145070197056
cellular_potts,abc_smc_baseline,567.575209807746,0.4264414491236717,0.4240162930683404,0.4406145070197056
cellular_potts,abc_smc_baseline,580.4071118771275,0.4264414491236717,0.4240162930683404,0.4406145070197056
cellular_potts,abc_smc_baseline,593.2390139465091,0.4264414491236717,0.4240162930683404,0.4406145070197056
cellular_potts,abc_smc_baseline,606.0709160158906,0.4264414491236717,0.4240162930683404,0.4406145070197056
cellular_potts,abc_smc_baseline,618.9028180852721,0.4264414491236717,0.4240162930683404,0.4406145070197056
cellular_potts,abc_smc_baseline,631.7347201546536,0.4264414491236717,0.4240162930683404,0.4406145070197056
cellular_potts,abc_smc_baseline,644.5666222240351,0.4264414491236717,0.4240162930683404,0.4406145070197056
cellular_potts,abc_smc_baseline,657.3985242934167,0.4264414491236717,0.4240162930683404,0.4406145070197056
cellular_potts,abc_smc_baseline,670.2304263627982,0.4264414491236717,0.4240162930683404,0.4406145070197056
cellular_potts,abc_smc_baseline,683.0623284321797,0.4264414491236717,0.4240162930683404,0.4406145070197056
cellular_potts,abc_smc_baseline,695.8942305015612,0.4264414491236717,0.4240162930683404,0.4406145070197056
cellular_potts,abc_smc_baseline,708.7261325709427,0.4264414491236717,0.4240162930683404,0.4406145070197056
cellular_potts,abc_smc_baseline,721.5580346403242,0.4263830174321383,0.4240162930683404,0.4264414491236717
cellular_potts,abc_smc_baseline,734.3899367097058,0.4263830174321383,0.4240162930683404,0.4264414491236717
cellular_potts,abc_smc_baseline,747.2218387790873,0.4263830174321383,0.4240162930683404,0.4264414491236717
cellular_potts,abc_smc_baseline,760.0537408484688,0.4263830174321383,0.4240162930683404,0.4264414491236717
cellular_potts,abc_smc_baseline,772.8856429178503,0.4263830174321383,0.4240162930683404,0.4264414491236717
cellular_potts,abc_smc_baseline,785.7175449872318,0.4263830174321383,0.4240162930683404,0.4264414491236717
cellular_potts,abc_smc_baseline,798.5494470566134,0.4263830174321383,0.4240162930683404,0.4264414491236717
cellular_potts,abc_smc_baseline,811.3813491259949,0.4263830174321383,0.4240162930683404,0.436851707955901
cellular_potts,abc_smc_baseline,824.2132511953764,0.4263830174321383,0.4240162930683404,0.436851707955901
cellular_potts,abc_smc_baseline,837.0451532647579,0.4263830174321383,0.4240162930683404,0.436851707955901
cellular_potts,abc_smc_baseline,849.8770553341394,0.4263830174321383,0.4240162930683404,0.436851707955901
cellular_potts,abc_smc_baseline,862.708957403521,0.4263830174321383,0.4240162930683404,0.436851707955901
cellular_potts,abc_smc_baseline,875.5408594729025,0.4263830174321383,0.4240162930683404,0.436851707955901
cellular_potts,abc_smc_baseline,888.372761542284,0.4263830174321383,0.4240162930683404,0.436851707955901
cellular_potts,abc_smc_baseline,901.2046636116655,0.4263830174321383,0.4240162930683404,0.436851707955901
cellular_potts,abc_smc_baseline,914.036565681047,0.4263830174321383,0.4240162930683404,0.436851707955901
cellular_potts,abc_smc_baseline,926.8684677504286,0.4263830174321383,0.4240162930683404,0.436851707955901
cellular_potts,abc_smc_baseline,939.7003698198101,0.4263830174321383,0.4240162930683404,0.436851707955901
cellular_potts,abc_smc_baseline,952.5322718891916,0.4263830174321383,0.4240162930683404,0.436851707955901
cellular_potts,abc_smc_baseline,965.3641739585731,0.4263830174321383,0.4240162930683404,0.436851707955901
cellular_potts,abc_smc_baseline,978.1960760279546,0.4263830174321383,0.4240162930683404,0.436851707955901
cellular_potts,abc_smc_baseline,991.0279780973361,0.4263830174321383,0.4240162930683404,0.436851707955901
cellular_potts,abc_smc_baseline,1003.8598801667177,0.4263830174321383,0.4240162930683404,0.436851707955901
cellular_potts,abc_smc_baseline,1016.6917822360992,0.4263830174321383,0.4240162930683404,0.436851707955901
