method,division_rate,cell_volume
async,0.4312769841996363,0.5103701962596527
async,0.4002223776629345,0.472398162782888
async,0.350105916427146,0.5883636849062872
async,0.3823635053250934,0.4883354450999732
async,0.3735486763309114,0.5968969049579248
async,0.3799548730719547,0.6030305918129423
async,0.3642057639402472,0.5473167669059033
async,0.3814742634974927,0.5133869292971327
async,0.3882904755843318,0.5619539297209444
async,0.4101706581957184,0.4581018093478026
async,0.3711942045943798,0.4500078446343886
async,0.3793114901696844,0.5164349459770747
async,0.3711942045943798,0.4500078446343886
async,0.4298140936177952,0.6477851018201757
async,0.3508636153515169,0.5057110475463409
async,0.3791910182189622,0.5222847064730667
async,0.3951591171259365,0.5507703714358156
async,0.3889922432665121,0.5543391357179229
async,0.414289128245102,0.651895871947533
async,0.3698201742941808,0.5616525713598292
async,0.3946908836798479,0.4753401878203387
async,0.3979543613286305,0.5460022468898817
async,0.4116678410840738,0.5294090074744994
async,0.3564909960670914,0.4704144986650697
async,0.3834606369897061,0.5374015975079984
async,0.4197219706578259,0.5545200118320022
async,0.3835766536271858,0.5722472631396154
async,0.3931224925202715,0.6193108337067207
async,0.360354041790724,0.4999019144691479
async,0.3667759854936149,0.5180376706554627
async,0.4338378480829336,0.6244436010033592
async,0.361490250848607,0.5846960355817248
async,0.3389939602098553,0.4949747175251387
async,0.3898367831896207,0.5861380521392486
async,0.3931003295947587,0.5617109373039189
async,0.364474206142363,0.5169053181489143
async,0.3794052417586628,0.5568788089903207
async,0.4246632119487448,0.5878415838977711
async,0.4249152164192432,0.562395561161497
async,0.4017510043776716,0.5899000901405764
async,0.3784757010366787,0.5698479581524696
async,0.3856453683414784,0.5088424554806597
async,0.3711942045943798,0.4500078446343886
async,0.3813050009448681,0.5953948225989822
async,0.3875139159133496,0.6296044902161966
async,0.37994600606831,0.5067849246453252
async,0.4015945979730186,0.6110126216484307
async,0.4082143341717791,0.5392417191145252
async,0.3837482146868434,0.5667665952217275
async,0.3835438094883637,0.5305720803992521
async,0.40971901357324,0.6647376323937279
async,0.3931003295947587,0.5617109373039189
async,0.3476566477047432,0.5691262498076488
async,0.3900143622892995,0.5679131049114631
async,0.3907697617139351,0.5392775904915045
async,0.3617367708939255,0.5372637653907328
async,0.3673620678884009,0.6101722056142765
async,0.3990871697513109,0.5320139330176836
async,0.3765978349343338,0.5431900403670491
async,0.4285737672465598,0.622222495089907
async,0.3830416919153896,0.4977936338390349
async,0.3446204273488298,0.5262718896214166
async,0.3874939710942013,0.5795214781750634
async,0.4204223444005988,0.6301514220262754
async,0.4068787542050837,0.6112214911243308
async,0.3910321236601901,0.5124505807919535
async,0.3852739129050154,0.5264785428049585
async,0.3914031280676461,0.5109591491797065
async,0.371254129809743,0.5402339441506625
async,0.4002223776629345,0.472398162782888
async,0.3882220574336396,0.4791672967855717
async,0.3717305229604785,0.4661167205777856
async,0.3865677827612854,0.5415060053203941
async,0.3439646217359914,0.4952734924745584
async,0.4200143625241156,0.5392833554127547
async,0.3641881598398847,0.5802400224097775
async,0.3785210810030271,0.534015171505957
async,0.3819131185264128,0.5946621800013221
async,0.3758160153560114,0.5347935625845932
async,0.4041038874828148,0.5354008637892246
async,0.3562358350555004,0.573102870031525
async,0.3590571147488087,0.5704053034877067
async,0.3989083021525872,0.5284722113201341
async,0.3904200727349829,0.6141842286319046
async,0.3944204256636442,0.6749576660585604
async,0.3590873366888925,0.5603306195296065
async,0.4093006429515096,0.5116729437137417
async,0.369263620640143,0.5794103578925486
async,0.387349162936538,0.5987401417906771
async,0.3319184109435756,0.5274912717814633
async,0.4134277817137425,0.5641625877846415
async,0.3844637191745134,0.6609647268532834
async,0.3711942045943798,0.4500078446343886
async,0.4066836291738993,0.5146411364000243
async,0.4002412127512683,0.5917031175983283
async,0.3962105410939088,0.6156140951942818
async,0.3746366708492172,0.5547759880379511
async,0.4142226346364827,0.6933992336909599
async,0.3826573485858739,0.564271815674527
async,0.370922361669563,0.5875578781447637
async,0.3637059856293184,0.5919734066934764
async,0.399589138033104,0.4923384464111456
async,0.3899179772262836,0.6602622006959002
async,0.3308181342169021,0.5328075228374065
async,0.410704926611,0.5961406429984588
async,0.4082143341717791,0.5392417191145252
async,0.4187519403770608,0.5851513112994298
async,0.3850157740741555,0.5693690964607987
async,0.3941854671941471,0.535165527599374
async,0.3969627384998385,0.6761295232477272
async,0.3689271992479804,0.5266045328921543
async,0.3743406435635176,0.6220566791622218
async,0.4102515827925903,0.514230210841638
async,0.4041038874828148,0.5354008637892246
async,0.3734540160121421,0.4690777613443909
async,0.3952477703717936,0.5042749444506887
async,0.4260465099128253,0.6473847125830994
async,0.3914360201729359,0.5148875354935558
async,0.3899179772262836,0.6602622006959002
async,0.3659070712127956,0.5960937081395378
async,0.3549362890591308,0.5683491880726128
async,0.3870610479184199,0.5923654032186909
async,0.3757759667327242,0.6067710251490007
async,0.3690120090047058,0.5958241859718064
async,0.4192148967605136,0.6117798417056733
async,0.3838728440983548,0.5807154502854525
async,0.4093006429515096,0.5116729437137417
async,0.3943169295299886,0.5500764238841321
async,0.3572925506323567,0.6404482587284978
async,0.4111981204872845,0.6039679198886106
async,0.371379254182134,0.5934753636341777
async,0.4338378480829336,0.6244436010033592
async,0.4142226346364827,0.6933992336909599
async,0.409578965440017,0.6134654619101971
async,0.3863939607814843,0.63312438388187
async,0.384218576110316,0.536618944991241
async,0.3792894960279065,0.4645057250769829
async,0.4215109553234105,0.5843979127399925
async,0.3995124524481994,0.5813357278547305
async,0.3389939602098553,0.4949747175251387
async,0.3686044111597041,0.5769547788432265
async,0.3439646217359914,0.4952734924745584
async,0.3914307575265948,0.5774997844858425
async,0.4051625976931662,0.5151909070711542
async,0.4093722304375057,0.6143371392732021
async,0.4279685909760232,0.5659095054886585
async,0.4312769841996363,0.5103701962596527
async,0.3972294760729891,0.5509011256462207
async,0.3932984130617767,0.5566006468756466
async,0.3718642247167076,0.526891346178085
async,0.419535192403784,0.5866742308033275
async,0.3562358350555004,0.573102870031525
async,0.3308181342169021,0.5328075228374065
async,0.3740540363517147,0.5156009677626545
async,0.411019882179069,0.5904567055260773
async,0.3799548730719547,0.6030305918129423
async,0.3764172351055881,0.6310005746515348
async,0.4100543170221978,0.6071479895560359
async,0.3667033893462881,0.5535208058708834
async,0.360354041790724,0.4999019144691479
async,0.374447707892716,0.5934422833809818
async,0.3765978349343338,0.5431900403670491
async,0.3819877103209003,0.5904773326768344
async,0.3566388713754522,0.5743431022869635
async,0.4354134282322113,0.5452066356866188
async,0.3668038096659868,0.5231988172148115
async,0.4093006429515096,0.5116729437137417
async,0.3849876907495049,0.4984463992073141
async,0.387119562517671,0.5172108715265179
async,0.4230815370314596,0.647210529021485
async,0.3642057639402472,0.5473167669059033
async,0.3939739729022717,0.6194193663464016
async,0.4011891005673325,0.5017851004660343
async,0.3865677827612854,0.5415060053203941
async,0.3827149844687419,0.6427874027813963
async,0.4285737672465598,0.622222495089907
async,0.4404642877796347,0.6246422827699023
async,0.391254684263236,0.592760050823928
async,0.3870610479184199,0.5923654032186909
async,0.4139522366465327,0.5324074272993491
async,0.3874939710942013,0.5795214781750634
async,0.3819131185264128,0.5946621800013221
async,0.4182831462584547,0.5863056486738698
async,0.4523171586767374,0.6115769604704939
async,0.4245987590065634,0.46806965123464
async,0.3502146095679452,0.5719577123972754
async,0.3906469572463855,0.6276164096508416
async,0.370336667792409,0.5702108617952446
async,0.4354134282322113,0.5452066356866188
async,0.4200143625241156,0.5392833554127547
async,0.408424567945491,0.5652627075371977
async,0.4101706581957184,0.4581018093478026
async,0.4085485933168258,0.485001295718023
async,0.3551940191308275,0.567240191516038
async,0.4035301111114608,0.5705193026111595
async,0.4197219706578259,0.5545200118320022
async,0.4254251347874916,0.6400551058619508
async,0.3770004426315975,0.4974303650781948
async,0.4108737247481728,0.5919265937578654
async,0.3757759667327242,0.6067710251490007
async,0.3721273653713226,0.4940464955855682
async,0.4238236620340416,0.543324298989921
async,0.3673620678884009,0.6101722056142765
async,0.3308181342169021,0.5328075228374065
async,0.3439646217359914,0.4952734924745584
async,0.3957881639737039,0.5910440690919606
async,0.3809935381618481,0.6078828668620293
async,0.3948261199512966,0.5861052017703249
async,0.3711942045943798,0.4500078446343886
async,0.4147458427111833,0.6018849559551438
async,0.4218903965775849,0.6080307887014
async,0.4118134637149586,0.6371250467015861
async,0.394760217175655,0.6165070930119606
async,0.3590344298973638,0.4420322347506311
async,0.4027053724373974,0.6173313542131752
async,0.3973796907392307,0.587956125360912
async,0.4182831462584547,0.5863056486738698
async,0.3924278492464417,0.5808900185778921
async,0.3319184109435756,0.5274912717814633
async,0.3785210810030271,0.534015171505957
async,0.4386831406486668,0.5308882046918325
async,0.3996326436486724,0.633456313715903
async,0.3674921209137475,0.5874780446262117
async,0.3766537892189888,0.5195947813887637
async,0.361490250848607,0.5846960355817248
async,0.3911534095585041,0.5837849936746831
async,0.4338378480829336,0.6244436010033592
async,0.3757759667327242,0.6067710251490007
async,0.3963792896040011,0.6051035140662273
async,0.3740198840794769,0.5255168241461249
async,0.3389939602098553,0.4949747175251387
async,0.3972132997121685,0.5912421359297068
async,0.360869168542303,0.5367089196885568
async,0.4046692322902563,0.5909147402655107
async,0.4197945996168827,0.5486701592160917
async,0.3787088954239045,0.5329155719350211
async,0.3929041292626627,0.6058646823514181
async,0.4060298172071137,0.5563116338225298
async,0.3827149844687419,0.6427874027813963
async,0.3791910182189622,0.5222847064730667
async,0.3562358350555004,0.573102870031525
async,0.3907895014485891,0.6150643676250996
async,0.4312769841996363,0.5103701962596527
async,0.399687689988503,0.6292482541072504
async,0.3642057639402472,0.5473167669059033
async,0.421200914095226,0.493065972858048
async,0.4151091765765208,0.6005619187242207
async,0.4463217557789315,0.6646961979901642
async,0.3704485805191299,0.4951828173724611
async,0.386086065554346,0.5239317428613255
async,0.3985842737763781,0.6177401289860315
async,0.3899354970387653,0.5293487298447748
async,0.4004561260105213,0.5508422330601721
async,0.4523171586767374,0.6115769604704939
async,0.3910275061849821,0.6226347891883238
async,0.3993255148813927,0.6010545902767253
async,0.3955198250998097,0.5281619561639049
async,0.3920400064088849,0.4421559505308252
async,0.4523171586767374,0.6115769604704939
async,0.3755141140382243,0.4791430702999982
async,0.4307942155936333,0.5394929993845088
async,0.3319184109435756,0.5274912717814633
async,0.3938922536467124,0.655380724848106
async,0.4316952801706013,0.5731808257090103
async,0.3717305229604785,0.4661167205777856
async,0.3958000864260539,0.5978230323305387
async,0.3931224925202715,0.6193108337067207
async,0.4139107989777456,0.6137391649998117
async,0.4179807278756187,0.5715245443873744
async,0.4026068651668164,0.5457447227136095
async,0.3612435231413423,0.5314504151146946
async,0.3389939602098553,0.4949747175251387
async,0.3854451124856881,0.5850177693478419
async,0.3755521753027968,0.6384414715855014
async,0.4260465099128253,0.6473847125830994
async,0.423526401220539,0.5710828762364899
async,0.3896213957044339,0.6105254406852698
async,0.3770955811080954,0.5238503586862899
async,0.3769392794990202,0.6122170038173211
async,0.3743834101605655,0.5812056069235814
async,0.4195479992632343,0.6364872863401451
async,0.4077372653325345,0.6268055571732829
async,0.3518123242968324,0.5534462612051936
async,0.4002223776629345,0.472398162782888
async,0.394760217175655,0.6165070930119606
async,0.3757759667327242,0.6067710251490007
async,0.3725707201220424,0.5516792380094062
async,0.4142226346364827,0.6933992336909599
async,0.3690090585228064,0.4984193853172811
async,0.3813755630284648,0.4754996837416323
async,0.4523159750149931,0.6656171426898181
async,0.399589138033104,0.4923384464111456
async,0.3931337743354233,0.4965274881129326
async,0.4369879648489267,0.5854569547617694
async,0.3839486736248865,0.6121522323418108
async,0.3914203369201372,0.6392863306503872
async,0.4001360426113582,0.558977812438755
async,0.3696021841078329,0.5961796971331084
async,0.4200143625241156,0.5392833554127547
async,0.3880348685311037,0.5533206435180488
async,0.4095302871636897,0.5927369785655943
async,0.3769392794990202,0.6122170038173211
async,0.3735486763309114,0.5968969049579248
async,0.3799643738733565,0.5388000532344414
async,0.4041038874828148,0.5354008637892246
async,0.399589138033104,0.4923384464111456
async,0.3802440383991156,0.5159917563906086
async,0.3743406435635176,0.6220566791622218
async,0.4523159750149931,0.6656171426898181
async,0.3847056912081094,0.6403427945380422
async,0.4488992463133223,0.5186913422249638
async,0.4241711282895833,0.5724211834014816
async,0.4066836291738993,0.5146411364000243
async,0.4131371695521119,0.5908575731477088
async,0.3746366708492172,0.5547759880379511
async,0.370336667792409,0.5702108617952446
async,0.4025540378770793,0.6071897858517635
async,0.39656339309438,0.619388690711812
async,0.3799548730719547,0.6030305918129423
async,0.4147458427111833,0.6018849559551438
async,0.3987158400058813,0.5314231308547309
async,0.4523171586767374,0.6115769604704939
async,0.399687689988503,0.6292482541072504
async,0.4314582375759889,0.5639420333062294
async,0.3957124990007721,0.6310017007166193
async,0.3698201742941808,0.5616525713598292
async,0.3935848584710472,0.4923338589497854
async,0.4354134282322113,0.5452066356866188
async,0.3993255148813927,0.6010545902767253
async,0.4134965039196175,0.6295006918263477
async,0.374447707892716,0.5934422833809818
async,0.4125213210913609,0.5598211621437151
async,0.426474692230738,0.5566700023887637
async,0.3870610479184199,0.5923654032186909
async,0.4021077673177301,0.560277407833759
async,0.4010885208277178,0.5658259519069986
async,0.3939858143888891,0.5697193251218692
async,0.3799694208051573,0.5733723194923986
async,0.3967359847083924,0.4935838000347193
async,0.3791795749493334,0.5290322031199477
async,0.4150572267325818,0.5834158658966716
async,0.3851181606893017,0.5318349291184808
async,0.3885739483962062,0.4996606709273388
async,0.3551940191308275,0.567240191516038
async,0.4021391557450876,0.5497441888918236
async,0.3446204273488298,0.5262718896214166
async,0.3914307575265948,0.5774997844858425
async,0.405001485789887,0.5742033652820546
async,0.3935148305963446,0.5226057800842366
async,0.3718642247167076,0.526891346178085
async,0.4072159486701287,0.5226260861153366
async,0.426474692230738,0.5566700023887637
async,0.3671798644591209,0.5772311406008364
async,0.3844637191745134,0.6609647268532834
async,0.3844637191745134,0.6609647268532834
async,0.421232410055138,0.4855445236534995
async,0.3902754195103721,0.5232025534766724
async,0.3994245014709541,0.5161305706695534
async,0.3590344298973638,0.4420322347506311
async,0.4047010881669255,0.5413394104942769
async,0.4055038738912069,0.5139232512842131
async,0.3957124990007721,0.6310017007166193
async,0.3996387158542582,0.5460106650945113
async,0.4027053724373974,0.6173313542131752
async,0.3686044111597041,0.5769547788432265
async,0.3827149844687419,0.6427874027813963
async,0.3900143622892995,0.5679131049114631
async,0.365931593498298,0.5755474848603133
async,0.4256425016138777,0.5342787841810134
async,0.4338378480829336,0.6244436010033592
async,0.3823635053250934,0.4883354450999732
async,0.38989435903954,0.5333027095068829
async,0.3985126718248663,0.5399233978869467
async,0.4271384856609915,0.6642912773072239
async,0.421200914095226,0.493065972858048
async,0.3740198840794769,0.5255168241461249
async,0.4328802818095018,0.6311348732268625
async,0.3647883200395606,0.558959518935064
async,0.4156499128668218,0.5617564440485349
async,0.3871951077201055,0.6710178200658349
async,0.3874939710942013,0.5795214781750634
async,0.3489105376707108,0.4817057560934693
async,0.3979543613286305,0.5460022468898817
async,0.3500648008712109,0.5506200881558106
async,0.4147910841978785,0.5282347095033539
async,0.4164336673946864,0.6515654837893562
async,0.4249152164192432,0.562395561161497
async,0.404916846734171,0.5864437246041779
async,0.4134277817137425,0.5641625877846415
async,0.4187485791039687,0.6018614470236294
async,0.3673620678884009,0.6101722056142765
async,0.3446204273488298,0.5262718896214166
async,0.3551940191308275,0.567240191516038
async,0.3971267513513153,0.48172764139938
async,0.4256425016138777,0.5342787841810134
async,0.4142226346364827,0.6933992336909599
async,0.3588145206584807,0.464792206807459
async,0.4307942155936333,0.5394929993845088
async,0.403600056997022,0.5378816756269251
async,0.3870610479184199,0.5923654032186909
async,0.4321489093708697,0.5284422745402895
async,0.3796023148987922,0.5464249585529333
async,0.3823635053250934,0.4883354450999732
async,0.4137451079990216,0.5619199439767788
async,0.3788530906038903,0.5617667184742071
async,0.4041038874828148,0.5354008637892246
async,0.3625909993202114,0.5830939909338779
async,0.4027053724373974,0.6173313542131752
async,0.3445576996339613,0.563726579028238
async,0.3791801091936181,0.5592796682143768
async,0.4230815370314596,0.647210529021485
async,0.3949589110404249,0.6104013415789256
async,0.4147910841978785,0.5282347095033539
async,0.3791801091936181,0.5592796682143768
async,0.3952764102448062,0.5388530753898919
async,0.4254251347874916,0.6400551058619508
async,0.4185409849153841,0.555659515025953
async,0.3896827313887389,0.5221929828610383
async,0.4225108416300687,0.5948996549140634
async,0.3783804248588098,0.618584078598655
async,0.371254129809743,0.5402339441506625
async,0.3930779963429436,0.600256947819179
async,0.3923054922870208,0.6003147246810666
async,0.3915434646766176,0.5743900146037089
async,0.40971901357324,0.6647376323937279
async,0.360869168542303,0.5367089196885568
async,0.3389939602098553,0.4949747175251387
async,0.3979100139791157,0.6191742113794935
async,0.3446204273488298,0.5262718896214166
async,0.3837745197361589,0.5834550644263756
async,0.3588145206584807,0.464792206807459
async,0.3892614783182023,0.6362288166544394
async,0.3941854671941471,0.535165527599374
async,0.3881032664257092,0.4982310783650766
async,0.3500648008712109,0.5506200881558106
async,0.3909195282210594,0.5581739201469826
async,0.4334633837772346,0.6912870834585756
async,0.361490250848607,0.5846960355817248
async,0.3964109746561706,0.5528842672281489
async,0.39041554975158,0.5960397145972766
async,0.3771969997105882,0.6001435139446916
async,0.3746366708492172,0.5547759880379511
async,0.4179807278756187,0.5715245443873744
async,0.3590344298973638,0.4420322347506311
async,0.3764172351055881,0.6310005746515348
async,0.3969627384998385,0.6761295232477272
async,0.4153510561378112,0.5083596032493063
async,0.371379254182134,0.5934753636341777
async,0.401858601131621,0.4714410348382518
async,0.4039773720311188,0.6660171350818161
async,0.3646912193111639,0.4733265806454264
async,0.3712543533654863,0.4503363695119377
async,0.3880348685311037,0.5533206435180488
async,0.4077372653325345,0.6268055571732829
async,0.3518123242968324,0.5534462612051936
async,0.3979543613286305,0.5460022468898817
async,0.4134965039196175,0.6295006918263477
async,0.3439646217359914,0.4952734924745584
async,0.391254684263236,0.592760050823928
async,0.4129460007153235,0.5166762147969662
async,0.4039773720311188,0.6660171350818161
async,0.3980816087469712,0.5825700892376596
async,0.350105916427146,0.5883636849062872
async,0.3874799258697683,0.5798716573750415
async,0.365931593498298,0.5755474848603133
async,0.3938922536467124,0.655380724848106
async,0.3398280942276446,0.5426883899263674
async,0.3551940191308275,0.567240191516038
async,0.3718642247167076,0.526891346178085
async,0.3799548730719547,0.6030305918129423
async,0.408424567945491,0.5652627075371977
async,0.4146366055209558,0.5351226784543708
async,0.4049721016889373,0.5066671331405644
async,0.4674436330946165,0.6758075513261722
async,0.4082098751895332,0.6240293757905372
async,0.4261127246448116,0.5351400364703705
async,0.3954178396640834,0.6105521956689502
async,0.4523171586767374,0.6115769604704939
async,0.4208313747757213,0.5653144980465252
async,0.4674436330946165,0.6758075513261722
async,0.423380784386251,0.6313981532524492
async,0.3813050009448681,0.5953948225989822
async,0.4067458545876378,0.549707847325458
async,0.414289128245102,0.651895871947533
async,0.3854208115158095,0.5982973543570912
async,0.3919835910501663,0.5909965421629249
async,0.3967739890775928,0.4987762361038743
async,0.3740540363517147,0.5156009677626545
async,0.366431632564472,0.5606955918100899
async,0.3967359847083924,0.4935838000347193
async,0.4126707905090019,0.5758148146521823
async,0.3900143622892995,0.5679131049114631
async,0.3947706058316374,0.5953149191636928
async,0.3941854671941471,0.535165527599374
async,0.3787088954239045,0.5329155719350211
async,0.3922660490647485,0.5625398347312144
async,0.3791910182189622,0.5222847064730667
async,0.4155147203472552,0.4756534075916921
async,0.4134277817137425,0.5641625877846415
async,0.3788994987937989,0.5970548303116026
sync,0.3822465483333571,0.4839009935885889
sync,0.4246552958730848,0.6633250035856416
sync,0.3747187073420161,0.4126149432074864
sync,0.3873647784411089,0.4163265921258174
sync,0.3782672123317685,0.4841135174352102
sync,0.4001789489246319,0.7444054706615026
sync,0.4070222976543693,0.5206564029306324
sync,0.3758806271304768,0.4834805533244913
sync,0.3581873506739177,0.5542461385121421
sync,0.4068939999219568,0.4221161161998316
sync,0.3581873506739177,0.5542461385121421
sync,0.4070222976543693,0.5206564029306324
sync,0.3474075603267803,0.6000162339323983
sync,0.4032557605636625,0.6358780274299094
sync,0.3377118707658612,0.5270380115478892
sync,0.3377118707658612,0.5270380115478892
sync,0.3782672123317685,0.4841135174352102
sync,0.3876298302963,0.6648426590544713
sync,0.3591296051069572,0.4730540226023942
sync,0.4246552958730848,0.6633250035856416
sync,0.3867914680270055,0.6069436853407
sync,0.3512100732561912,0.4686535896956096
sync,0.400270391234819,0.467889871444318
sync,0.3911052652264271,0.4497227604495317
sync,0.3784908179659333,0.6735113298010283
sync,0.396330915385697,0.5560407099335866
sync,0.3581873506739177,0.5542461385121421
sync,0.4206956797126923,0.6162162487168391
sync,0.4197165783029343,0.513257187300522
sync,0.3377118707658612,0.5270380115478892
sync,0.3708600633024093,0.4850356795747357
sync,0.4025193797930885,0.5093886184185871
sync,0.4070222976543693,0.5206564029306324
sync,0.3377118707658612,0.5270380115478892
sync,0.4085109505721191,0.5401229978694179
sync,0.3708352867383381,0.4337807660231511
sync,0.3512100732561912,0.4686535896956096
sync,0.3591296051069572,0.4730540226023942
sync,0.4101753622679017,0.6629003929891961
sync,0.3926274011175978,0.6303104914891346
sync,0.4032557605636625,0.6358780274299094
sync,0.3784908179659333,0.6735113298010283
sync,0.3896442256173945,0.4395760280135836
sync,0.3377118707658612,0.5270380115478892
sync,0.3926274011175978,0.6303104914891346
sync,0.3906019808038283,0.680286393329403
sync,0.395466162218455,0.5514781579164835
sync,0.3377118707658612,0.5270380115478892
sync,0.3377118707658612,0.5270380115478892
sync,0.3985426257019659,0.5991513280165908
sync,0.3576469780221168,0.470836768926425
sync,0.3840077696744456,0.4657614916329002
sync,0.4068939999219568,0.4221161161998316
sync,0.3708352867383381,0.4337807660231511
sync,0.3708352867383381,0.4337807660231511
sync,0.3985426257019659,0.5991513280165908
sync,0.400270391234819,0.467889871444318
sync,0.3512100732561912,0.4686535896956096
sync,0.3888375580634101,0.5676236234791986
sync,0.4068939999219568,0.4221161161998316
sync,0.3772882368946202,0.4928313844976537
sync,0.3758806271304768,0.4834805533244913
sync,0.3954955076896949,0.6427859834339273
sync,0.378534777424168,0.5558372271013752
sync,0.4070222976543693,0.5206564029306324
sync,0.4116037524037589,0.5577848606417056
sync,0.3712106613081961,0.5195622071470815
sync,0.4056296442783512,0.5107207857166172
sync,0.4091356588546891,0.595613802319107
sync,0.3748005801744188,0.5468572526459139
sync,0.4206956797126923,0.6162162487168391
sync,0.3880340873456998,0.5236758943182462
sync,0.3876298302963,0.6648426590544713
sync,0.3512100732561912,0.4686535896956096
sync,0.4250931594250764,0.6896025405161409
sync,0.3512100732561912,0.4686535896956096
sync,0.3720376795290718,0.4971361016505526
sync,0.3377118707658612,0.5270380115478892
sync,0.3377118707658612,0.5270380115478892
sync,0.4206956797126923,0.6162162487168391
sync,0.4036487281288147,0.5818876309443795
sync,0.4001789489246319,0.7444054706615026
sync,0.4101753622679017,0.6629003929891961
sync,0.3755373370877204,0.5998079339566784
sync,0.3576469780221168,0.470836768926425
sync,0.4197165783029343,0.513257187300522
sync,0.4116331256195717,0.5053862168853189
sync,0.3377118707658612,0.5270380115478892
sync,0.3720376795290718,0.4971361016505526
sync,0.3708352867383381,0.4337807660231511
sync,0.3937981901798802,0.6054915346810898
sync,0.3512100732561912,0.4686535896956096
sync,0.4001789489246319,0.7444054706615026
sync,0.3822465483333571,0.4839009935885889
sync,0.3474075603267803,0.6000162339323983
sync,0.4053252407910878,0.5844410911510357
sync,0.3908385599973527,0.5605481620551123
sync,0.3474075603267803,0.6000162339323983
sync,0.3840077696744456,0.4657614916329002
sync,0.4144839583353643,0.6042272753376569
sync,0.4023119366014222,0.5370951135195536
sync,0.4197165783029343,0.513257187300522
sync,0.3377118707658612,0.5270380115478892
sync,0.3576469780221168,0.470836768926425
sync,0.3840077696744456,0.4657614916329002
sync,0.4119030308004388,0.5806766835350102
sync,0.3778159818022433,0.5526587387268277
sync,0.3747187073420161,0.4126149432074864
sync,0.3905812714450421,0.5340774004202941
sync,0.4001789489246319,0.7444054706615026
sync,0.3377118707658612,0.5270380115478892
sync,0.3512100732561912,0.4686535896956096
sync,0.3591296051069572,0.4730540226023942
sync,0.3896679777031948,0.6072895396515625
sync,0.4206956797126923,0.6162162487168391
sync,0.4246552958730848,0.6633250035856416
sync,0.3799910891098996,0.61862313720435
sync,0.3377118707658612,0.5270380115478892
sync,0.4084512217754566,0.6384270311025311
sync,0.3576469780221168,0.470836768926425
sync,0.3968595082448702,0.6001142650054974
sync,0.3646478916711611,0.5474919004961513
sync,0.3873647784411089,0.4163265921258174
sync,0.3377118707658612,0.5270380115478892
sync,0.4116331256195717,0.5053862168853189
sync,0.3876298302963,0.6648426590544713
sync,0.4071437310342537,0.5195113803658427
sync,0.3940051593051107,0.6050631195404553
sync,0.3748005801744188,0.5468572526459139
sync,0.3934618311895858,0.6092699554437417
sync,0.4085109505721191,0.5401229978694179
sync,0.3694813812105713,0.5508707286174146
sync,0.4282242291878194,0.6749520402637252
sync,0.400270391234819,0.467889871444318
sync,0.3906019808038283,0.680286393329403
sync,0.3377118707658612,0.5270380115478892
sync,0.4049998888746245,0.5726308444478025
sync,0.3896442256173945,0.4395760280135836
sync,0.3853377988353555,0.6511078829193852
sync,0.4116331256195717,0.5053862168853189
sync,0.3474075603267803,0.6000162339323983
sync,0.3474075603267803,0.6000162339323983
sync,0.4045467965950359,0.637511938969025
sync,0.4116331256195717,0.5053862168853189
sync,0.4045467965950359,0.637511938969025
sync,0.3867914680270055,0.6069436853407
sync,0.395466162218455,0.5514781579164835
sync,0.4001789489246319,0.7444054706615026
sync,0.3512100732561912,0.4686535896956096
sync,0.3512100732561912,0.4686535896956096
sync,0.4023119366014222,0.5370951135195536
sync,0.4048101854949642,0.5150523746620679
sync,0.3512100732561912,0.4686535896956096
sync,0.4045467965950359,0.637511938969025
sync,0.3911052652264271,0.4497227604495317
sync,0.3896679777031948,0.6072895396515625
sync,0.3377118707658612,0.5270380115478892
sync,0.4068939999219568,0.4221161161998316
sync,0.4206956797126923,0.6162162487168391
sync,0.3591296051069572,0.4730540226023942
sync,0.3908385599973527,0.5605481620551123
sync,0.3602914645559571,0.6362575937075802
sync,0.3748005801744188,0.5468572526459139
sync,0.3512100732561912,0.4686535896956096
sync,0.3377118707658612,0.5270380115478892
sync,0.3860449940345094,0.6298190023008567
sync,0.3377118707658612,0.5270380115478892
sync,0.3591296051069572,0.4730540226023942
sync,0.3712106613081961,0.5195622071470815
sync,0.3853377988353555,0.6511078829193852
sync,0.3782672123317685,0.4841135174352102
sync,0.3911052652264271,0.4497227604495317
sync,0.3694813812105713,0.5508707286174146
sync,0.3772882368946202,0.4928313844976537
sync,0.3916380118408135,0.5548193228337597
sync,0.4071437310342537,0.5195113803658427
sync,0.3474075603267803,0.6000162339323983
sync,0.4071437310342537,0.5195113803658427
sync,0.3512100732561912,0.4686535896956096
sync,0.3474075603267803,0.6000162339323983
sync,0.4197165783029343,0.513257187300522
sync,0.3937988172110442,0.6266457841597612
sync,0.3377118707658612,0.5270380115478892
sync,0.4250931594250764,0.6896025405161409
sync,0.4048101854949642,0.5150523746620679
sync,0.4282242291878194,0.6749520402637252
sync,0.4001789489246319,0.7444054706615026
sync,0.3377118707658612,0.5270380115478892
sync,0.3985426257019659,0.5991513280165908
sync,0.4116037524037589,0.5577848606417056
sync,0.3982383763257474,0.5709271613629153
sync,0.3799910891098996,0.61862313720435
sync,0.3937823696182269,0.5927401574403519
sync,0.3377118707658612,0.5270380115478892
sync,0.4197165783029343,0.513257187300522
sync,0.3377118707658612,0.5270380115478892
sync,0.4246552958730848,0.6633250035856416
sync,0.3474075603267803,0.6000162339323983
sync,0.3853377988353555,0.6511078829193852
sync,0.3377118707658612,0.5270380115478892
sync,0.4056296442783512,0.5107207857166172
sync,0.3602914645559571,0.6362575937075802
sync,0.3758806271304768,0.4834805533244913
sync,0.4065205435738465,0.7020125590109088
sync,0.3851719810241198,0.6449700293911198
sync,0.3784908179659333,0.6735113298010283
sync,0.3377118707658612,0.5270380115478892
sync,0.3782672123317685,0.4841135174352102
sync,0.3377118707658612,0.5270380115478892
sync,0.3747187073420161,0.4126149432074864
sync,0.3733018482641728,0.6540490415021866
sync,0.4068939999219568,0.4221161161998316
sync,0.3591296051069572,0.4730540226023942
sync,0.3512100732561912,0.4686535896956096
sync,0.4011483259754947,0.5638930897111226
sync,0.3512100732561912,0.4686535896956096
sync,0.3377118707658612,0.5270380115478892
sync,0.3708600633024093,0.4850356795747357
sync,0.3377118707658612,0.5270380115478892
sync,0.3512100732561912,0.4686535896956096
sync,0.3602914645559571,0.6362575937075802
sync,0.3896442256173945,0.4395760280135836
sync,0.3937823696182269,0.5927401574403519
sync,0.4116331256195717,0.5053862168853189
sync,0.3772882368946202,0.4928313844976537
sync,0.3911052652264271,0.4497227604495317
sync,0.3682996675776766,0.453332564943916
sync,0.4025193797930885,0.5093886184185871
sync,0.3646478916711611,0.5474919004961513
sync,0.3921302084615045,0.641613967274702
sync,0.4036487281288147,0.5818876309443795
sync,0.3576469780221168,0.470836768926425
sync,0.4056296442783512,0.5107207857166172
sync,0.4045467965950359,0.637511938969025
sync,0.4144839583353643,0.6042272753376569
sync,0.4053252407910878,0.5844410911510357
sync,0.3377118707658612,0.5270380115478892
sync,0.4282242291878194,0.6749520402637252
sync,0.4206956797126923,0.6162162487168391
sync,0.3747679413904941,0.5360189903360859
sync,0.3921302084615045,0.641613967274702
sync,0.4085109505721191,0.5401229978694179
sync,0.3591296051069572,0.4730540226023942
sync,0.4032557605636625,0.6358780274299094
sync,0.4023512072272137,0.5160825635348347
sync,0.3377118707658612,0.5270380115478892
sync,0.3896442256173945,0.4395760280135836
sync,0.3799910891098996,0.61862313720435
sync,0.3916380118408135,0.5548193228337597
sync,0.3646478916711611,0.5474919004961513
sync,0.3896442256173945,0.4395760280135836
sync,0.3916380118408135,0.5548193228337597
sync,0.400270391234819,0.467889871444318
sync,0.3748005801744188,0.5468572526459139
sync,0.3377118707658612,0.5270380115478892
sync,0.4070222976543693,0.5206564029306324
sync,0.3377118707658612,0.5270380115478892
sync,0.3896442256173945,0.4395760280135836
sync,0.3719024684329851,0.5321004015356667
sync,0.3377118707658612,0.5270380115478892
sync,0.3873647784411089,0.4163265921258174
sync,0.4246552958730848,0.6633250035856416
sync,0.3822465483333571,0.4839009935885889
sync,0.4071437310342537,0.5195113803658427
sync,0.4068939999219568,0.4221161161998316
sync,0.3602914645559571,0.6362575937075802
sync,0.4032557605636625,0.6358780274299094
sync,0.4197165783029343,0.513257187300522
sync,0.3512100732561912,0.4686535896956096
sync,0.4070222976543693,0.5206564029306324
sync,0.4045467965950359,0.637511938969025
sync,0.3646478916711611,0.5474919004961513
sync,0.4023512072272137,0.5160825635348347
sync,0.4056296442783512,0.5107207857166172
sync,0.3719024684329851,0.5321004015356667
sync,0.3377118707658612,0.5270380115478892
sync,0.3512100732561912,0.4686535896956096
sync,0.3512100732561912,0.4686535896956096
sync,0.3576469780221168,0.470836768926425
sync,0.4068939999219568,0.4221161161998316
sync,0.3474075603267803,0.6000162339323983
sync,0.3755373370877204,0.5998079339566784
sync,0.3911052652264271,0.4497227604495317
sync,0.4084512217754566,0.6384270311025311
sync,0.4032557605636625,0.6358780274299094
sync,0.3377118707658612,0.5270380115478892
sync,0.3377118707658612,0.5270380115478892
sync,0.3377118707658612,0.5270380115478892
sync,0.4206956797126923,0.6162162487168391
sync,0.3377118707658612,0.5270380115478892
sync,0.3576469780221168,0.470836768926425
sync,0.3911052652264271,0.4497227604495317
sync,0.3733018482641728,0.6540490415021866
sync,0.3512100732561912,0.4686535896956096
sync,0.3602914645559571,0.6362575937075802
sync,0.3377118707658612,0.5270380115478892
sync,0.3377118707658612,0.5270380115478892
sync,0.3896679777031948,0.6072895396515625
sync,0.4045467965950359,0.637511938969025
sync,0.3748005801744188,0.5468572526459139
sync,0.3733018482641728,0.6540490415021866
sync,0.3784286217873551,0.5217118230471108
sync,0.3940051593051107,0.6050631195404553
sync,0.4116331256195717,0.5053862168853189
sync,0.4116037524037589,0.5577848606417056
sync,0.4056296442783512,0.5107207857166172
sync,0.4091356588546891,0.595613802319107
sync,0.3851719810241198,0.6449700293911198
sync,0.3474075603267803,0.6000162339323983
sync,0.3985426257019659,0.5991513280165908
sync,0.3782565588188314,0.5953898167376301
sync,0.3602914645559571,0.6362575937075802
sync,0.3512100732561912,0.4686535896956096
sync,0.3377118707658612,0.5270380115478892
sync,0.4065205435738465,0.7020125590109088
sync,0.3602914645559571,0.6362575937075802
sync,0.4116037524037589,0.5577848606417056
sync,0.3747187073420161,0.4126149432074864
sync,0.4060611926023353,0.6687268419738611
sync,0.4068939999219568,0.4221161161998316
sync,0.4246552958730848,0.6633250035856416
sync,0.3708352867383381,0.4337807660231511
sync,0.4067324889668313,0.5696656407167584
sync,0.4101753622679017,0.6629003929891961
sync,0.4056296442783512,0.5107207857166172
sync,0.3921302084615045,0.641613967274702
sync,0.3937988172110442,0.6266457841597612
sync,0.400270391234819,0.467889871444318
sync,0.400270391234819,0.467889871444318
sync,0.3747679413904941,0.5360189903360859
sync,0.3512100732561912,0.4686535896956096
sync,0.3867914680270055,0.6069436853407
sync,0.3954955076896949,0.6427859834339273
sync,0.3921302084615045,0.641613967274702
sync,0.3377118707658612,0.5270380115478892
sync,0.3581873506739177,0.5542461385121421
sync,0.3646478916711611,0.5474919004961513
sync,0.3581873506739177,0.5542461385121421
sync,0.4250931594250764,0.6896025405161409
sync,0.4197165783029343,0.513257187300522
sync,0.4023512072272137,0.5160825635348347
sync,0.3646478916711611,0.5474919004961513
sync,0.3591296051069572,0.4730540226023942
sync,0.3591296051069572,0.4730540226023942
sync,0.3377118707658612,0.5270380115478892
sync,0.3708352867383381,0.4337807660231511
sync,0.3512100732561912,0.4686535896956096
sync,0.3908385599973527,0.5605481620551123
sync,0.3784908179659333,0.6735113298010283
sync,0.3602914645559571,0.6362575937075802
sync,0.3682996675776766,0.453332564943916
sync,0.3474075603267803,0.6000162339323983
sync,0.3576469780221168,0.470836768926425
sync,0.3747187073420161,0.4126149432074864
sync,0.3755373370877204,0.5998079339566784
sync,0.3747187073420161,0.4126149432074864
sync,0.3512100732561912,0.4686535896956096
sync,0.3581873506739177,0.5542461385121421
sync,0.3377118707658612,0.5270380115478892
sync,0.3772882368946202,0.4928313844976537
sync,0.4068939999219568,0.4221161161998316
sync,0.4116037524037589,0.5577848606417056
sync,0.3873647784411089,0.4163265921258174
sync,0.3576469780221168,0.470836768926425
sync,0.4197165783029343,0.513257187300522
sync,0.3576469780221168,0.470836768926425
sync,0.3682996675776766,0.453332564943916
sync,0.3474075603267803,0.6000162339323983
sync,0.4144839583353643,0.6042272753376569
sync,0.4053252407910878,0.5844410911510357
sync,0.4065205435738465,0.7020125590109088
sync,0.3712106613081961,0.5195622071470815
sync,0.3708600633024093,0.4850356795747357
sync,0.4084512217754566,0.6384270311025311
sync,0.4101753622679017,0.6629003929891961
sync,0.3822465483333571,0.4839009935885889
sync,0.4023119366014222,0.5370951135195536
sync,0.3748005801744188,0.5468572526459139
sync,0.3916380118408135,0.5548193228337597
sync,0.4282242291878194,0.6749520402637252
sync,0.3860449940345094,0.6298190023008567
sync,0.3896442256173945,0.4395760280135836
sync,0.3784908179659333,0.6735113298010283
sync,0.3826748833927655,0.5449811150589744
sync,0.4001789489246319,0.7444054706615026
sync,0.3512100732561912,0.4686535896956096
sync,0.3512100732561912,0.4686535896956096
sync,0.4025193797930885,0.5093886184185871
sync,0.3873647784411089,0.4163265921258174
sync,0.4119030308004388,0.5806766835350102
sync,0.3911052652264271,0.4497227604495317
sync,0.4282242291878194,0.6749520402637252
sync,0.3708600633024093,0.4850356795747357
sync,0.3860449940345094,0.6298190023008567
sync,0.4060611926023353,0.6687268419738611
sync,0.4001789489246319,0.7444054706615026
sync,0.3377118707658612,0.5270380115478892
sync,0.3377118707658612,0.5270380115478892
sync,0.3377118707658612,0.5270380115478892
sync,0.4060611926023353,0.6687268419738611
sync,0.3888375580634101,0.5676236234791986
sync,0.3974439428125708,0.6209938478506505
sync,0.3968595082448702,0.6001142650054974
sync,0.3720376795290718,0.4971361016505526
sync,0.3911052652264271,0.4497227604495317
sync,0.4091356588546891,0.595613802319107
sync,0.3940051593051107,0.6050631195404553
sync,0.3782672123317685,0.4841135174352102
sync,0.3377118707658612,0.5270380115478892
sync,0.3954955076896949,0.6427859834339273
sync,0.3782565588188314,0.5953898167376301
sync,0.3853377988353555,0.6511078829193852
sync,0.3591296051069572,0.4730540226023942
sync,0.4023119366014222,0.5370951135195536
sync,0.3377118707658612,0.5270380115478892
sync,0.3682996675776766,0.453332564943916
sync,0.3911052652264271,0.4497227604495317
sync,0.3826748833927655,0.5449811150589744
sync,0.3778159818022433,0.5526587387268277
sync,0.3921302084615045,0.641613967274702
sync,0.4036487281288147,0.5818876309443795
sync,0.3840077696744456,0.4657614916329002
sync,0.4060611926023353,0.6687268419738611
sync,0.4091356588546891,0.595613802319107
sync,0.3934618311895858,0.6092699554437417
sync,0.3474075603267803,0.6000162339323983
sync,0.4032557605636625,0.6358780274299094
sync,0.4023512072272137,0.5160825635348347
sync,0.3940051593051107,0.6050631195404553
sync,0.3908385599973527,0.5605481620551123
sync,0.3880340873456998,0.5236758943182462
sync,0.4056296442783512,0.5107207857166172
sync,0.3876298302963,0.6648426590544713
sync,0.3747187073420161,0.4126149432074864
sync,0.3873647784411089,0.4163265921258174
sync,0.3876298302963,0.6648426590544713
sync,0.3377118707658612,0.5270380115478892
sync,0.3747187073420161,0.4126149432074864
sync,0.3720376795290718,0.4971361016505526
sync,0.3377118707658612,0.5270380115478892
sync,0.4068939999219568,0.4221161161998316
sync,0.3873647784411089,0.4163265921258174
sync,0.3377118707658612,0.5270380115478892
sync,0.3377118707658612,0.5270380115478892
sync,0.3474075603267803,0.6000162339323983
sync,0.3876298302963,0.6648426590544713
sync,0.4206956797126923,0.6162162487168391
sync,0.3876298302963,0.6648426590544713
sync,0.3748005801744188,0.5468572526459139
sync,0.3512100732561912,0.4686535896956096
sync,0.3906019808038283,0.680286393329403
sync,0.3708352867383381,0.4337807660231511
sync,0.3377118707658612,0.5270380115478892
sync,0.4007873941737124,0.5532428419675246
sync,0.4250931594250764,0.6896025405161409
sync,0.4001789489246319,0.7444054706615026
sync,0.4246552958730848,0.6633250035856416
sync,0.3940051593051107,0.6050631195404553
sync,0.389000311640765,0.5668596849765257
sync,0.3708600633024093,0.4850356795747357
sync,0.395466162218455,0.5514781579164835
sync,0.3720376795290718,0.4971361016505526
sync,0.3512100732561912,0.4686535896956096
sync,0.3377118707658612,0.5270380115478892
sync,0.4068939999219568,0.4221161161998316
sync,0.3873647784411089,0.4163265921258174
sync,0.3377118707658612,0.5270380115478892
sync,0.3860449940345094,0.6298190023008567
sync,0.3876298302963,0.6648426590544713
sync,0.3937988172110442,0.6266457841597612
sync,0.4084512217754566,0.6384270311025311
sync,0.4250931594250764,0.6896025405161409
sync,0.4001789489246319,0.7444054706615026
sync,0.4250931594250764,0.6896025405161409
sync,0.3602914645559571,0.6362575937075802
sync,0.4101753622679017,0.6629003929891961
sync,0.4060611926023353,0.6687268419738611
sync,0.4001789489246319,0.7444054706615026
sync,0.3377118707658612,0.5270380115478892
sync,0.4246552958730848,0.6633250035856416
sync,0.3591296051069572,0.4730540226023942
sync,0.4068939999219568,0.4221161161998316
sync,0.3853377988353555,0.6511078829193852
sync,0.3512100732561912,0.4686535896956096
sync,0.3799910891098996,0.61862313720435
sync,0.4056296442783512,0.5107207857166172
sync,0.3867914680270055,0.6069436853407
sync,0.3377118707658612,0.5270380115478892
sync,0.4068939999219568,0.4221161161998316
sync,0.4011483259754947,0.5638930897111226
sync,0.3747187073420161,0.4126149432074864
sync,0.3576469780221168,0.470836768926425
sync,0.3512100732561912,0.4686535896956096
sync,0.4048101854949642,0.5150523746620679
sync,0.4084512217754566,0.6384270311025311
sync,0.4060611926023353,0.6687268419738611
sync,0.3591296051069572,0.4730540226023942
sync,0.4282242291878194,0.6749520402637252
sync,0.4116331256195717,0.5053862168853189
sync,0.3576469780221168,0.470836768926425
rejection,0.376685479409406,0.45858633006460814
rejection,0.3677352385990068,0.6221181276032555
rejection,0.3989532323462329,0.6135097765545792
rejection,0.35940507289181156,0.6270569753086104
rejection,0.3704176231400076,0.5351419979212368
rejection,0.36441621465771523,0.5268764687327542
rejection,0.3867315213306425,0.6150288318723538
rejection,0.3904259314572398,0.6702924217028802
rejection,0.4013233943850234,0.477797430615832
rejection,0.389606250198411,0.4690025983083562
rejection,0.41891288385395864,0.6109569587540772
rejection,0.37341598264301235,0.5147350881037699
rejection,0.38665467462058856,0.6044590102712387
rejection,0.38769657306694627,0.6868092969266573
rejection,0.41772224912123057,0.6604120223935912
rejection,0.363362943195652,0.46992749519219845
rejection,0.3750793015271625,0.38028434241698816
rejection,0.39430555857188554,0.6412597404588469
rejection,0.411417727399215,0.5450155736291881
rejection,0.3769339031945397,0.6599106708096081
rejection,0.4405509073934576,0.6227320028143232
rejection,0.40864389940673007,0.5149129601534052
rejection,0.41561182856811285,0.5008543132405717
rejection,0.37418946663622366,0.5985568234396582
rejection,0.3778354135856684,0.458613244301585
rejection,0.39496007667034405,0.5782440829690147
rejection,0.38469828639800163,0.42837916325641967
rejection,0.34435043069235305,0.6275593885838512
rejection,0.38282963095416456,0.4613281069198917
rejection,0.4023094436628253,0.6114044151912269
rejection,0.3789092532688687,0.5213405822657545
rejection,0.4110049414535416,0.5870167558524774
rejection,0.39495397482177097,0.49588407290324543
rejection,0.4012629924744243,0.5894694305719643
rejection,0.3752430416010242,0.590410469502652
rejection,0.3787465420680758,0.616806419008163
rejection,0.3881893269290422,0.4827559241083781
rejection,0.4208136531311938,0.5455733438641988
rejection,0.3973234898672485,0.4903141975767933
rejection,0.43013682243292395,0.6653609288749274
rejection,0.36445916600285944,0.4981887936762832
rejection,0.3816222902438685,0.6628430835748377
rejection,0.3920242235023088,0.6345087923975955
rejection,0.40160208441050627,0.6958411791796278
rejection,0.38556977477762067,0.42105369824489924
rejection,0.3554158900348965,0.5643843451557705
rejection,0.42626107959626847,0.4259547978655558
rejection,0.37143900245830797,0.47189275097991723
rejection,0.4409165011749441,0.6946132125569232
rejection,0.4070194233456368,0.67508393829535
rejection,0.41307973025062505,0.5924576590822432
rejection,0.4173380613390364,0.6815699872749892
rejection,0.38032529715026,0.7120412330992028
rejection,0.38473932599247207,0.5360480554339844
rejection,0.4525784915023242,0.5574667323568099
rejection,0.4038613926576843,0.6596436802069728
rejection,0.4242044940484633,0.6311002549570115
rejection,0.39420107570524976,0.6835873613235717
rejection,0.38177264935559097,0.3548234837551917
rejection,0.38156225357412255,0.3748486180092796
rejection,0.3930080122516044,0.6625209083571368
rejection,0.4269945829247489,0.762238629096268
rejection,0.40865918893057684,0.7116197439962829
rejection,0.35943610986177743,0.5026577942417526
rejection,0.4218841804991357,0.5807048216201754
rejection,0.3845008854792361,0.5243004741965276
rejection,0.45815141449561525,0.6328602394706714
rejection,0.40355119183788557,0.48845539298291474
rejection,0.4306625812976417,0.6013050130726628
rejection,0.38567415220628776,0.47923246706276557
rejection,0.4393729951197035,0.6029762727824881
rejection,0.39849407342670917,0.7013100196390574
rejection,0.4136461969465266,0.6686564016622857
rejection,0.37760855665872994,0.4806431177106305
rejection,0.40639871003146133,0.48346413050362314
rejection,0.3833639270452276,0.4334751791996835
rejection,0.3816380091537258,0.3495437553696573
rejection,0.3908909595796811,0.6461765701770683
rejection,0.4142955091752606,0.6016963695227545
rejection,0.36622771778521623,0.47716835369981425
rejection,0.3891636083492248,0.7135772035200991
rejection,0.38701719561442793,0.6305353566566427
rejection,0.39706475593605917,0.6004875892676637
rejection,0.3745068747984758,0.6010577251276257
rejection,0.40516921985171406,0.4249365583908782
rejection,0.29937925050614567,0.5241923710459183
rejection,0.42584880400207137,0.48415622779841516
rejection,0.34378030189297415,0.6419950483231621
rejection,0.38309525193189264,0.450864770526164
rejection,0.42057128138769573,0.6252108001722181
rejection,0.41830245042106917,0.47123830980024173
rejection,0.3864051423692516,0.751094699174479
rejection,0.4220136749636503,0.5014570902545692
rejection,0.40839263541914916,0.6004516534099446
rejection,0.3779536412245663,0.614635860901424
rejection,0.36912835329150306,0.5953338449339894
rejection,0.3518052536759477,0.5891377311283525
rejection,0.4036374168321475,0.7667428206100505
rejection,0.40311131071170925,0.5831664772581927
rejection,0.4134014223845178,0.4289554161458258
