arm,base_method,method_variant,k,n_workers,replicate,seed,elapsed_wall_time_s,n_simulations,throughput_sims_per_s,worker_utilization,final_quality_wasserstein
twin,async_propulate_abc,async_propulate_abc__k100__w48,100,48,0,1654615998,1186.7130489349363,2016,1.698810004498847,0.8473819238129692,
twin,async_propulate_abc,async_propulate_abc__k100__w48,100,48,1,1806341205,975.9298837184906,2016,2.065722172907168,0.841064888758714,
twin,async_propulate_abc,async_propulate_abc__k100__w48,100,48,2,173879092,413.5849025249481,2016,4.874452591698247,0.8474831246538417,
twin,async_propulate_abc,async_propulate_abc__k100__w48,100,48,3,1112038970,336.8338434696197,2016,5.9851467988899705,0.8475975419810544,
twin,async_propulate_abc,async_propulate_abc__k100__w48,100,48,4,2087043557,340.7386474609375,2016,5.916558086446932,0.8256282108810585,
async,async_propulate_abc,async_propulate_abc__k100__w48,100,48,0,1654615998,1799.8699386119845,16643,9.246779249413253,0.9977100597965968,
async,async_propulate_abc,async_propulate_abc__k100__w48,100,48,1,1806341205,1799.9215219020844,16656,9.253736786478674,0.9972498853916848,
async,async_propulate_abc,async_propulate_abc__k100__w48,100,48,2,173879092,1799.991301059723,16797,9.33171176444629,0.9976392180900236,
async,async_propulate_abc,async_propulate_abc__k100__w48,100,48,3,1112038970,1799.8936910629272,16912,9.396110494732952,0.997548909909664,
async,async_propulate_abc,async_propulate_abc__k100__w48,100,48,4,2087043557,1799.9460535049438,16971,9.428615911545366,0.997672824403926,
pyabc_fair_baseline,abc_smc_baseline,abc_smc_baseline__k100__w48,100,48,0,1654615998,1799.6971788406372,6923,3.8467582665544815,0.4490434063357241,
pyabc_fair_baseline,abc_smc_baseline,abc_smc_baseline__k100__w48,100,48,1,1806341205,1798.349633216858,7493,4.166598008306453,0.4337526846754815,
pyabc_fair_baseline,abc_smc_baseline,abc_smc_baseline__k100__w48,100,48,2,173879092,1799.9865736961365,6870,3.816695135615914,0.3976568191912813,
pyabc_fair_baseline,abc_smc_baseline,abc_smc_baseline__k100__w48,100,48,3,1112038970,1798.4045736789703,6848,3.8078194974733326,0.3958428875186404,
pyabc_fair_baseline,abc_smc_baseline,abc_smc_baseline__k100__w48,100,48,4,2087043557,1799.604147195816,6943,3.858070682276844,0.3937165111921069,
twin,async_propulate_abc,async_propulate_abc__k100__w96,100,96,0,1654615998,1478.9608285427094,3840,2.5964176507526133,0.7486848471791384,
twin,async_propulate_abc,async_propulate_abc__k100__w96,100,96,1,1806341205,953.4844725131989,3840,4.027333544172471,0.681633101627517,
twin,async_propulate_abc,async_propulate_abc__k100__w96,100,96,2,173879092,332.9329695701599,3840,11.533853210625889,0.8341894316027859,
twin,async_propulate_abc,async_propulate_abc__k100__w96,100,96,3,1112038970,384.1845936775208,3840,9.995195182717929,0.8480518994925231,
twin,async_propulate_abc,async_propulate_abc__k100__w96,100,96,4,2087043557,342.9874782562256,3840,11.195743994862005,0.8371017132926141,
async,async_propulate_abc,async_propulate_abc__k100__w96,100,96,0,1654615998,1799.9978518486023,33259,18.47724427328784,0.9951975682668784,
async,async_propulate_abc,async_propulate_abc__k100__w96,100,96,1,1806341205,1799.9664242267609,32752,18.1958949673574,0.9964634670872176,
async,async_propulate_abc,async_propulate_abc__k100__w96,100,96,2,173879092,1799.999247789383,33886,18.825563422660377,0.9963298223007284,
async,async_propulate_abc,async_propulate_abc__k100__w96,100,96,3,1112038970,1799.7523465156555,33604,18.67145780643531,0.996379101397198,
async,async_propulate_abc,async_propulate_abc__k100__w96,100,96,4,2087043557,1799.988116025925,33668,18.70456793588913,0.9963386104887998,
pyabc_fair_baseline,abc_smc_baseline,abc_smc_baseline__k100__w96,100,96,0,1654615998,1795.7289917469025,6269,3.491061306473343,0.2284392452389811,
pyabc_fair_baseline,abc_smc_baseline,abc_smc_baseline__k100__w96,100,96,1,1806341205,1799.756501674652,7774,4.319473213607721,0.2332407844348202,
pyabc_fair_baseline,abc_smc_baseline,abc_smc_baseline__k100__w96,100,96,2,173879092,1799.8893892765043,8583,4.7686263673403175,0.2509688514408593,
pyabc_fair_baseline,abc_smc_baseline,abc_smc_baseline__k100__w96,100,96,3,1112038970,1799.1562945842743,8147,4.52823360845507,0.2481456689321381,
pyabc_fair_baseline,abc_smc_baseline,abc_smc_baseline__k100__w96,100,96,4,2087043557,1799.987816572189,8247,4.58169767821273,0.2431362851718808,
twin,async_propulate_abc,async_propulate_abc__k100__w192,100,192,1,1806341205,516.3927483558655,7680,14.872400947635745,0.8077958411417014,
twin,async_propulate_abc,async_propulate_abc__k100__w192,100,192,2,173879092,500.45169591903687,7680,15.34613642560714,0.819306251432843,
twin,async_propulate_abc,async_propulate_abc__k100__w192,100,192,3,1112038970,297.1234152317047,7680,25.847845057956583,0.833608006538108,
twin,async_propulate_abc,async_propulate_abc__k100__w192,100,192,4,2087043557,379.4343876838684,7680,20.24065358672422,0.8110404582746067,
async,async_propulate_abc,async_propulate_abc__k100__w192,100,192,0,1654615998,1799.9987394809723,67571,37.539470732898415,0.993312778909432,
async,async_propulate_abc,async_propulate_abc__k100__w192,100,192,1,1806341205,1799.9850006103516,67779,37.65531378151319,0.9945905264863032,
async,async_propulate_abc,async_propulate_abc__k100__w192,100,192,2,173879092,1799.995504140854,67953,37.7517609592221,0.9945345817169744,
async,async_propulate_abc,async_propulate_abc__k100__w192,100,192,3,1112038970,1799.9957745075226,68602,38.11231169071464,0.9945332757933708,
async,async_propulate_abc,async_propulate_abc__k100__w192,100,192,4,2087043557,1799.9704205989838,68228,37.90506733843742,0.9944648246028808,
pyabc_fair_baseline,abc_smc_baseline,abc_smc_baseline__k192__w192,192,192,0,1654615998,1799.605076789856,14121,7.846721584709633,0.2388930067637716,
pyabc_fair_baseline,abc_smc_baseline,abc_smc_baseline__k192__w192,192,192,1,1806341205,1799.759842157364,15664,8.703383436549865,0.2946069622661026,
pyabc_fair_baseline,abc_smc_baseline,abc_smc_baseline__k192__w192,192,192,2,173879092,1798.7695643901825,13931,7.74473855672718,0.2379565250701653,
twin,async_propulate_abc,async_propulate_abc__k100__w384,100,384,0,1654615998,2241.2500715255737,15360,6.853318241968759,0.6455890193534889,
twin,async_propulate_abc,async_propulate_abc__k100__w384,100,384,1,1806341205,426.2472195625305,15360,36.03542567565461,0.8470978976571754,
twin,async_propulate_abc,async_propulate_abc__k100__w384,100,384,2,173879092,929.7034468650818,15360,16.521397281889435,0.7610738855969951,
async,async_propulate_abc,async_propulate_abc__k100__w384,100,384,0,1654615998,1799.9908804893494,128928,71.62702955747717,0.987461348508963,
async,async_propulate_abc,async_propulate_abc__k100__w384,100,384,1,1806341205,1799.995253324509,131998,73.3324156028777,0.9902368697338918,
async,async_propulate_abc,async_propulate_abc__k100__w384,100,384,2,173879092,1799.9899108409882,129572,71.98484792587621,0.9896856193903698,
async,async_propulate_abc,async_propulate_abc__k100__w384,100,384,3,1112038970,1799.9960644245148,131612,73.11793764509052,0.9901287764405328,
async,async_propulate_abc,async_propulate_abc__k100__w384,100,384,4,2087043557,1799.9906706809998,128333,71.29648063756193,0.989548421503982,
pyabc_fair_baseline,abc_smc_baseline,abc_smc_baseline__k384__w384,384,384,0,1654615998,1799.998117685318,31244,17.357795929352292,0.3572489747710566,
pyabc_fair_baseline,abc_smc_baseline,abc_smc_baseline__k384__w384,384,384,1,1806341205,1797.0496089458466,25470,14.173231430678625,0.2669500043960479,
pyabc_fair_baseline,abc_smc_baseline,abc_smc_baseline__k384__w384,384,384,2,173879092,1799.9757978916168,23964,13.313512341704808,0.2350218918095127,
