slowdown_factor,base_method,method,replicate,seed,n_simulations,effective_straggler_worker_id,active_wall_time_s,elapsed_wall_time_s,throughput_sims_per_s,total_attempts,final_posterior_size,final_quality_wasserstein,final_quality_wasserstein_weighted,final_quality_wasserstein_analytic,utilization_loss_fraction,test_mode,arm
0.0,async_propulate_abc,async_propulate_abc__straggler_slowdown0x,0,1654615998,75104,0,1539.8801398277285,1550.159780740738,48.77262720486943,75104,100,0.0815201321234063,0.0837649248665675,0.0130434582424395,0.9994147105661992,False,twin
0.0,async_propulate_abc,async_propulate_abc__straggler_slowdown0x,1,1806341205,75104,0,1564.8315076828003,1577.0523972511292,47.9949436289239,75104,100,0.073785155436815,0.0869761328837979,0.0109519829396183,0.9994172834934264,False,twin
0.0,async_propulate_abc,async_propulate_abc__straggler_slowdown0x,2,173879092,75104,0,1563.2690706253052,1573.1981739997864,48.042913028374905,75104,100,0.083520368866114,0.0934227788367048,0.0083953130193317,0.99942162975817,False,twin
0.0,async_propulate_abc,async_propulate_abc__straggler_slowdown0x,3,1112038970,75104,0,1540.1003375053406,1550.803227186203,48.76565388048268,75104,100,0.0886753847218209,0.1089744363380011,0.0327896368089618,0.9994136799272711,False,twin
0.0,async_propulate_abc,async_propulate_abc__straggler_slowdown0x,4,2087043557,75104,0,1541.7256240844729,1551.0712151527405,48.7142451463108,75104,100,0.0787993306665579,0.0855253817421921,0.0087336799359375,0.9994163089676004,False,twin
1.0,async_propulate_abc,async_propulate_abc__straggler_slowdown1x,0,1654615998,44512,0,681.1940748691559,691.5761489868164,65.34407981829538,44512,100,0.0685477355646063,0.0914337391352982,0.0066657484493819,0.9737078110564052,False,twin
1.0,async_propulate_abc,async_propulate_abc__straggler_slowdown1x,1,1806341205,44512,0,679.0653476715088,686.738495349884,65.54891978015088,44512,100,0.0922299516496578,0.096707293474365,0.0215516194038806,0.9736271708987714,False,twin
1.0,async_propulate_abc,async_propulate_abc__straggler_slowdown1x,2,173879092,44512,0,682.7203743457794,691.0008249282837,65.19799565474206,44512,100,0.0852037019989317,0.0884468144772351,0.007638257020267,0.9737683455548066,False,twin
1.0,async_propulate_abc,async_propulate_abc__straggler_slowdown1x,3,1112038970,44512,0,678.9385507106781,685.7582845687866,65.56116154165515,44512,100,0.0765269206056983,0.0875209222332073,0.0109986621101509,0.973622182866802,False,twin
1.0,async_propulate_abc,async_propulate_abc__straggler_slowdown1x,4,2087043557,44512,0,681.4455783367157,689.2847747802734,65.31996305360975,44512,100,0.0786640899374415,0.0831018627983289,0.0084379582225757,0.9737218878963122,False,twin
10.0,async_propulate_abc,async_propulate_abc__straggler_slowdown10x,0,1654615998,6304,0,396.2342545986176,399.9638023376465,15.909780456477462,6304,100,0.0741820505637906,1.017199705728029,0.9305134354913168,0.9376495328989252,False,twin
10.0,async_propulate_abc,async_propulate_abc__straggler_slowdown10x,1,1806341205,6304,0,396.1030066013336,399.1797180175781,15.915052132751914,6304,100,0.0693606441202592,1.247619140645721,1.1663497001787482,0.9376292699967136,False,twin
10.0,async_propulate_abc,async_propulate_abc__straggler_slowdown10x,2,173879092,6304,0,396.621541261673,398.5368251800537,15.894245128357529,6304,100,0.0691917537929579,0.5248179090850642,0.445311173731328,0.937710703824654,False,twin
10.0,async_propulate_abc,async_propulate_abc__straggler_slowdown10x,3,1112038970,6304,0,395.9741566181183,398.72081661224365,15.920230890420571,6304,100,0.073599756503562,0.6825123399924016,0.6067954364994386,0.9376106248231112,False,twin
10.0,async_propulate_abc,async_propulate_abc__straggler_slowdown10x,4,2087043557,6304,0,398.9260401725769,400.7347049713135,15.802427931936622,6304,100,0.0832882043425164,0.8155322375423606,0.7371587694607058,0.9380710497059794,False,twin
20.0,async_propulate_abc,async_propulate_abc__straggler_slowdown20x,0,1654615998,3200,0,401.0375609397888,402.12218379974365,7.979302468579603,3200,100,0.0788207222167396,1.8082260938126216,1.7285732094874553,0.9375398363624724,False,twin
20.0,async_propulate_abc,async_propulate_abc__straggler_slowdown20x,1,1806341205,3200,0,401.3375976085663,403.10317730903625,7.973337208045564,3200,100,0.0760286835804428,1.8448929369891327,1.7662575041330033,0.9375871803346,False,twin
20.0,async_propulate_abc,async_propulate_abc__straggler_slowdown20x,2,173879092,3200,0,401.1487696170807,402.3910987377167,7.977090402282879,3200,100,0.069547692238147,1.7233824777742712,1.64569696834161,0.9375596882951522,False,twin
20.0,async_propulate_abc,async_propulate_abc__straggler_slowdown20x,3,1112038970,3200,0,401.00725626945496,403.9441170692444,7.979905475450487,3200,100,0.0749945156665302,1.960720302037492,1.882247052996299,0.9375372796524752,False,twin
20.0,async_propulate_abc,async_propulate_abc__straggler_slowdown20x,4,2087043557,3200,0,400.9529285430908,402.8658037185669,7.980986724869607,3200,100,0.0740611384884248,1.6239987390774084,1.542800895898636,0.9374925540078743,False,twin
0.0,async_propulate_abc,async_propulate_abc__straggler_slowdown0x,0,1654615998,1162571,0,299.9960563182831,447.7568643093109,3875.287609669647,1162571,100,0.0744000965101892,0.0836031778776401,0.0096917882220438,0.9602574206336296,False,async
0.0,async_propulate_abc,async_propulate_abc__straggler_slowdown0x,1,1806341205,1160215,0,299.92878222465515,437.3255624771118,3868.301639457083,1160215,100,0.0834993458584157,0.089613954502909,0.0176440709677964,0.9605553064366424,False,async
0.0,async_propulate_abc,async_propulate_abc__straggler_slowdown0x,2,173879092,1170955,0,299.9857385158539,459.3842437267304,3903.368892778603,1170955,100,0.0885266089494039,0.0961705969645474,0.0097368309049377,0.9601528020383197,False,async
0.0,async_propulate_abc,async_propulate_abc__straggler_slowdown0x,3,1112038970,1171153,0,299.8950717449188,443.8511173725128,3905.209222631525,1171153,100,0.0716528259499753,0.0854791279139537,0.006736183758927,0.9596723675379164,False,async
0.0,async_propulate_abc,async_propulate_abc__straggler_slowdown0x,4,2087043557,1166281,0,299.9917325973511,447.5697033405304,3887.7104708928177,1166281,100,0.0746281368403671,0.0904483577078413,0.0049115558939871,0.959824571362604,False,async
1.0,async_propulate_abc,async_propulate_abc__straggler_slowdown1x,0,1654615998,935632,0,299.9329173564911,412.40724658966064,3119.470874508704,935632,100,0.0685616268062177,0.0873657275641733,0.0071768634553885,0.9223468511774392,False,async
1.0,async_propulate_abc,async_propulate_abc__straggler_slowdown1x,1,1806341205,933635,0,299.97398495674133,412.8649353981018,3112.386562903572,933635,100,0.0689106577487981,0.0845956362697148,0.0078887996696175,0.9230005432301956,False,async
1.0,async_propulate_abc,async_propulate_abc__straggler_slowdown1x,2,173879092,936503,0,299.9888665676117,414.9652409553528,3121.7925208865386,936503,100,0.0698033596833156,0.0848372886833746,0.0137512942461708,0.9235259752611056,False,async
1.0,async_propulate_abc,async_propulate_abc__straggler_slowdown1x,3,1112038970,933107,0,299.96732211112976,411.2484517097473,3110.695503206543,933107,100,0.0769853450906929,0.0865529126936138,0.0243839655766261,0.9253316787959952,False,async
1.0,async_propulate_abc,async_propulate_abc__straggler_slowdown1x,4,2087043557,932729,0,299.87150406837463,411.626314163208,3110.428924874854,932729,100,0.064783637571206,0.0864298428601589,0.0128152645061308,0.9223695667587712,False,async
5.0,async_propulate_abc,async_propulate_abc__straggler_slowdown5x,0,1654615998,971683,0,299.841349363327,414.9788963794708,3240.657107711257,971683,100,0.083880143693764,0.0935290451707237,0.0095207030629981,0.9198380657925465,False,async
5.0,async_propulate_abc,async_propulate_abc__straggler_slowdown5x,1,1806341205,982127,0,299.6214191913605,418.99606490135193,3277.893158141477,982127,100,0.0789596074628149,0.0889315735969105,0.0181012449279098,0.9188733431583678,False,async
5.0,async_propulate_abc,async_propulate_abc__straggler_slowdown5x,2,173879092,966737,0,299.5641100406647,418.1252150535584,3227.145601216278,966737,100,0.0702132148865163,0.0794578173899544,0.0109621225398727,0.9199177273588438,False,async
5.0,async_propulate_abc,async_propulate_abc__straggler_slowdown5x,3,1112038970,966133,0,299.93289589881897,417.3977088928223,3221.1638443484394,966133,100,0.0802041333385672,0.0867652600033968,0.0089860357392909,0.9192931045220164,False,async
5.0,async_propulate_abc,async_propulate_abc__straggler_slowdown5x,4,2087043557,973860,0,299.8905053138733,414.84361743927,3247.3852380912576,973860,100,0.0777108467568333,0.0803988569231925,0.0133739451317763,0.91912260098735,False,async
10.0,async_propulate_abc,async_propulate_abc__straggler_slowdown10x,0,1654615998,967294,0,299.4631609916687,415.4412806034088,3230.0934672459125,967294,100,0.0757955368255461,0.0789208449429743,0.016270994074203,0.923070200063862,False,async
10.0,async_propulate_abc,async_propulate_abc__straggler_slowdown10x,1,1806341205,963029,0,299.9361882209778,414.4028618335724,3210.7796185316893,963029,100,0.0919430467505719,0.0962809230974841,0.0113330810282645,0.9225522029156698,False,async
10.0,async_propulate_abc,async_propulate_abc__straggler_slowdown10x,2,173879092,965248,0,299.9114935398102,415.4450311660767,3218.442843277939,965248,100,0.057186468773777,0.0816438638019377,0.0101896770660635,0.9206010585321994,False,async
10.0,async_propulate_abc,async_propulate_abc__straggler_slowdown10x,3,1112038970,962162,0,299.71390748023987,413.885427236557,3210.268112311189,962162,100,0.0907588987474105,0.0950653780604224,0.0101183358085148,0.9220228141638128,False,async
10.0,async_propulate_abc,async_propulate_abc__straggler_slowdown10x,4,2087043557,969241,0,299.5826485157013,414.7069625854492,3235.304196695496,969241,100,0.0704744145576786,0.0823359497089632,0.0135873681870976,0.9211721528031904,False,async
20.0,async_propulate_abc,async_propulate_abc__straggler_slowdown20x,0,1654615998,957650,0,299.4924385547638,420.5364828109741,3197.576555258802,957650,100,0.0718604435845988,0.0897273994600943,0.0071177557563568,0.919595718416196,False,async
20.0,async_propulate_abc,async_propulate_abc__straggler_slowdown20x,1,1806341205,951623,0,299.72989559173584,414.0463795661926,3174.9352133235725,951623,100,0.0817046905701559,0.0976279390496147,0.0171688554234945,0.9206740964920648,False,async
20.0,async_propulate_abc,async_propulate_abc__straggler_slowdown20x,2,173879092,958661,0,299.0964243412018,414.6694052219391,3205.190440211961,958661,100,0.075571074159834,0.0852063944796964,0.008676617746849,0.9210906335157816,False,async
20.0,async_propulate_abc,async_propulate_abc__straggler_slowdown20x,3,1112038970,959444,0,298.1181197166443,412.9944553375244,3218.33507105148,959444,100,0.0796303085980126,0.0889053887904675,0.0074321616070005,0.921232272980595,False,async
20.0,async_propulate_abc,async_propulate_abc__straggler_slowdown20x,4,2087043557,960014,0,299.1855139732361,414.453191280365,3208.758295984474,960014,100,0.0748461489100602,0.082452777032378,0.0104584857082135,0.920442183307807,False,async
5.0,async_propulate_abc,async_propulate_abc__straggler_slowdown5x,0,1654615998,12304,0,389.3283762931824,392.7562942504883,31.60314210114116,12304,100,0.0725651824752871,0.0998484150726525,0.0108818423520628,0.9379047644636972,False,twin
5.0,async_propulate_abc,async_propulate_abc__straggler_slowdown5x,1,1806341205,12304,0,389.4435434341431,393.3638472557068,31.593796347225027,12304,100,0.0760837311457006,0.1046391763087196,0.0151402208855301,0.9379247723231036,False,twin
5.0,async_propulate_abc,async_propulate_abc__straggler_slowdown5x,2,173879092,12304,0,389.2989296913147,391.338921546936,31.60553256531212,12304,100,0.068284607921203,0.1081215663634649,0.019625068853133,0.9379000910771887,False,twin
5.0,async_propulate_abc,async_propulate_abc__straggler_slowdown5x,3,1112038970,12304,0,389.4410631656647,394.4418165683746,31.593997561489783,12304,100,0.0703266115834441,0.1080439704272553,0.0192764823578984,0.9379226525446792,False,twin
5.0,async_propulate_abc,async_propulate_abc__straggler_slowdown5x,4,2087043557,12304,0,389.5942029953003,391.82052516937256,31.5815787437382,12304,100,0.0825537884834728,0.1027978173943067,0.013446454448139,0.9379471626186217,False,twin
